district,SH_FHs_CF_no_C_n,SH_FHs_CF_C_n,SH_FHs_OnePF_n,SH_FHs_Oth_fam_n,SH_FHs_Tot_n,SH_Lone_P_H_n,SH_Group_H_n,SH_Tot_n,SDRTHT_1_S_FHs_CF_no_C_n,SDRTHT_1_S_FHs_CF_C_n,SDRTHT_1_S_FHs_OnePF_n,SDRTHT_1_S_FHs_Oth_fam_n,SDRTHT_1_S_FHs_Tot_n,SDRTHT_1_S_Lone_P_H_n,SDRTHT_1_S_Group_H_n,SDRTHT_1_S_Tot_n,SDRTHT_2more_S_FHs_CF_no_C_n,SDRTHT_2more_S_FHs_CF_C_n,SDRTHT_2more_S_FHs_OnePF_n,SDRTHT_2more_S_FHs_Oth_fam_n,SDRTHT_2more_S_FHs_Tot_n,SDRTHT_2more_S_Lone_P_H_n,SDRTHT_2more_S_Group_H_n,SDRTHT_2more_S_Tot_n,SDRTHT_Tot_FHs_CF_no_C_n,SDRTHT_Tot_FHs_CF_C_n,SDRTHT_Tot_FHs_OnePF_n,SDRTHT_Tot_FHs_Oth_fam_n,SDRTHT_Tot_FHs_Tot_n,SDRTHT_Tot_Lone_P_H_n,SDRTHT_Tot_Group_H_n,SDRTHT_Tot_Tot_n,FoA_1_or_2_SB_FHs_CF_no_C_n,FoA_1_or_2_SB_FHs_CF_C_n,FoA_1_or_2_SB_FHs_OnePF_n,FoA_1_or_2_SB_FHs_Oth_fam_n,FoA_1_or_2_SB_FHs_Tot_n,FoA_1_or_2_SB_Lone_P_H_n,FoA_1_or_2_SB_Group_H_n,FoA_1_or_2_SB_Tot_n,FoA_3SB_FHs_CF_no_C_n,FoA_3SB_FHs_CF_C_n,FoA_3SB_FHs_OnePF_n,FoA_3SB_FHs_Oth_fam_n,FoA_3SB_FHs_Tot_n,FoA_3SB_Lone_P_H_n,FoA_3SB_Group_H_n,FoA_3SB_Tot_n,FoA_4_to_8_SB_FHs_CF_no_C_n,FoA_4_to_8_SB_FHs_CF_C_n,FoA_4_to_8_SB_FHs_OnePF_n,FoA_4_to_8_SB_FHs_Oth_fam_n,FoA_4_to_8_SB_FHs_Tot_n,FoA_4_to_8_SB_Lone_P_H_n,FoA_4_to_8_SB_Group_H_n,FoA_4_to_8_SB_Tot_n,FoA_9moSB_FHs_CF_no_C_n,FoA_9moSB_FHs_CF_C_n,FoA_9moSB_FHs_OnePF_n,FoA_9moSB_FHs_Oth_fam_n,FoA_9moSB_FHs_Tot_n,FoA_9moSB_Lone_P_H_n,FoA_9moSB_Group_H_n,FoA_9moSB_Tot_n,FoA_Att_to_hous_FHs_CF_no_C_n,FoA_Att_to_hous_FHs_CF_C_n,FoA_Att_to_hous_FHs_OnePF_n,FoA_Att_to_hous_FHs_Oth_fam_n,FoA_Att_to_hous_FHs_Tot_n,FoA_Att_to_hous_Lone_P_H_n,FoA_Att_to_hous_Group_H_n,FoA_Att_to_hous_Tot_n,FoA_Tot_FHs_CF_no_C_n,FoA_Tot_FHs_CF_C_n,FoA_Tot_FHs_OnePF_n,FoA_Tot_FHs_Oth_fam_n,FoA_Tot_FHs_Tot_n,FoA_Tot_Lone_P_H_n,FoA_Tot_Group_H_n,FoA_Tot_Tot_n,OD_C_FHs_CF_no_C_n,OD_C_FHs_CF_C_n,OD_C_FHs_OnePF_n,OD_C_FHs_Oth_fam_n,OD_C_FHs_Tot_n,OD_C_Lone_P_H_n,OD_C_Group_H_n,OD_C_Tot_n,OD_CH_FHs_CF_no_C_n,OD_CH_FHs_CF_C_n,OD_CH_FHs_OnePF_n,OD_CH_FHs_Oth_fam_n,OD_CH_FHs_Tot_n,OD_CH_Lone_P_H_n,OD_CH_Group_H_n,OD_CH_Tot_n,OD_Imp_home_T_SO_FHs_CF_no_C_n,OD_Imp_home_T_SO_FHs_CF_C_n,OD_Imp_home_T_SO_FHs_OnePF_n,OD_Imp_home_T_SO_FHs_Oth_fam_n,OD_Imp_home_T_SO_FHs_Tot_n,OD_Imp_home_T_SO_Lone_P_H_n,OD_Imp_home_T_SO_Group_H_n,OD_Imp_home_T_SO_Tot_n,OD_HorF_at_to_S_O_FHs_CF_no_C_n,OD_HorF_at_to_S_O_FHs_CF_C_n,OD_HorF_at_to_S_O_FHs_OnePF_n,OD_HorF_at_to_S_O_FHs_Oth_fam_n,OD_HorF_at_to_S_O_FHs_Tot_n,OD_HorF_at_to_S_O_Lone_P_H_n,OD_HorF_at_to_S_O_Group_H_n,OD_HorF_at_to_S_O_Tot_n,OD_Tot_FHs_CF_no_C_n,OD_Tot_FHs_CF_C_n,OD_Tot_FHs_OnePF_n,OD_Tot_FHs_Oth_fam_n,OD_Tot_FHs_Tot_n,OD_Tot_Lone_P_H_n,OD_Tot_Group_H_n,OD_Tot_Tot_n,DS_NS_FHs_CF_no_C_n,DS_NS_FHs_CF_C_n,DS_NS_FHs_OnePF_n,DS_NS_FHs_Oth_fam_n,DS_NS_FHs_Tot_n,DS_NS_Lone_P_H_n,DS_NS_Group_H_n,DS_NS_Tot_n,Tot_FHs_CF_no_C_n,Tot_FHs_CF_C_n,Tot_FHs_OnePF_n,Tot_FHs_Oth_fam_n,Tot_FHs_Tot_n,Tot_Lone_P_H_n,Tot_Group_H_n,Tot_Tot_n,Tot_Tot_total
Albert Park,571.0,756.0,134.0,6.0,1471.0,345.0,37.0,1944.0,1264.0,1270.0,380.0,24.0,3005.0,1302.0,195.0,4505.0,1211.0,1425.0,443.0,48.0,3167.0,1059.0,246.0,4550.0,2543.0,2734.0,836.0,73.0,6233.0,2380.0,477.0,9111.0,438.0,138.0,113.0,3.0,725.0,1235.0,104.0,2082.0,881.0,280.0,179.0,12.0,1438.0,2286.0,274.0,3944.0,1413.0,364.0,299.0,44.0,2098.0,2624.0,179.0,4950.0,3966.0,1041.0,474.0,231.0,5793.0,5655.0,1402.0,12857.0,0.0,4.0,0.0,0.0,4.0,7.0,0.0,8.0,6718.0,1852.0,1085.0,310.0,10005.0,11840.0,1980.0,23834.0,0.0,0.0,0.0,0.0,0.0,0.0,0.0,0.0,0.0,0.0,0.0,0.0,0.0,0.0,0.0,3.0,0.0,0.0,0.0,0.0,0.0,0.0,0.0,0.0,110.0,15.0,9.0,0.0,157.0,221.0,43.0,428.0,110.0,15.0,9.0,0.0,157.0,221.0,43.0,431.0,18.0,0.0,0.0,0.0,27.0,21.0,0.0,71.0,9996.0,5342.0,2084.0,437.0,17958.0,14898.0,2648.0,35474.0,35474.0
Ashwood,4641.0,8557.0,1922.0,171.0,15398.0,3115.0,766.0,19365.0,535.0,528.0,183.0,13.0,1399.0,750.0,36.0,2241.0,511.0,822.0,198.0,3.0,1680.0,290.0,144.0,2185.0,1143.0,1465.0,426.0,23.0,3067.0,1112.0,215.0,4472.0,813.0,1065.0,371.0,46.0,2321.0,1144.0,82.0,3618.0,116.0,32.0,8.0,5.0,190.0,224.0,22.0,439.0,115.0,25.0,52.0,11.0,191.0,284.0,14.0,489.0,58.0,11.0,3.0,0.0,72.0,89.0,18.0,180.0,0.0,0.0,0.0,0.0,0.0,0.0,0.0,4.0,1107.0,1141.0,448.0,61.0,2781.0,1738.0,142.0,4746.0,0.0,0.0,0.0,0.0,0.0,0.0,0.0,0.0,0.0,0.0,0.0,0.0,0.0,0.0,0.0,0.0,0.0,0.0,0.0,0.0,0.0,0.0,0.0,0.0,4.0,7.0,0.0,0.0,14.0,17.0,3.0,47.0,4.0,7.0,0.0,0.0,14.0,17.0,3.0,47.0,0.0,0.0,0.0,0.0,0.0,3.0,0.0,3.0,6843.0,11218.0,2872.0,354.0,21353.0,6036.0,1223.0,28775.0,28775.0
Bass,7637.0,6825.0,2305.0,134.0,17034.0,5733.0,544.0,23317.0,115.0,13.0,15.0,0.0,181.0,459.0,3.0,691.0,108.0,43.0,25.0,0.0,177.0,81.0,11.0,279.0,233.0,59.0,44.0,0.0,398.0,555.0,11.0,972.0,46.0,18.0,25.0,0.0,130.0,225.0,0.0,378.0,0.0,0.0,0.0,0.0,0.0,16.0,0.0,25.0,0.0,0.0,0.0,0.0,4.0,5.0,0.0,9.0,0.0,0.0,0.0,0.0,0.0,0.0,0.0,0.0,0.0,0.0,0.0,0.0,0.0,3.0,0.0,8.0,73.0,18.0,18.0,0.0,152.0,250.0,0.0,423.0,0.0,0.0,0.0,0.0,4.0,40.0,0.0,45.0,29.0,0.0,6.0,0.0,39.0,78.0,0.0,121.0,0.0,0.0,0.0,0.0,0.0,0.0,0.0,0.0,0.0,0.0,0.0,0.0,3.0,0.0,0.0,7.0,29.0,0.0,6.0,0.0,45.0,114.0,0.0,168.0,0.0,0.0,0.0,0.0,3.0,7.0,0.0,19.0,8006.0,7020.0,2440.0,134.0,17663.0,6715.0,613.0,25014.0,25014.0
Bayswater,5660.0,8004.0,2760.0,156.0,16744.0,4240.0,599.0,21500.0,609.0,521.0,331.0,21.0,1502.0,1253.0,62.0,2938.0,466.0,446.0,264.0,13.0,1280.0,502.0,85.0,1920.0,1146.0,975.0,598.0,44.0,2828.0,1792.0,172.0,4824.0,92.0,55.0,39.0,4.0,224.0,299.0,8.0,567.0,69.0,23.0,26.0,3.0,119.0,172.0,17.0,303.0,20.0,0.0,18.0,0.0,43.0,43.0,0.0,83.0,0.0,0.0,0.0,0.0,0.0,0.0,0.0,0.0,0.0,0.0,0.0,0.0,0.0,0.0,0.0,3.0,177.0,77.0,94.0,7.0,383.0,525.0,24.0,960.0,0.0,0.0,0.0,0.0,0.0,0.0,0.0,0.0,0.0,0.0,0.0,0.0,0.0,0.0,0.0,0.0,0.0,0.0,0.0,0.0,0.0,0.0,0.0,0.0,0.0,0.0,0.0,0.0,0.0,2.0,0.0,6.0,0.0,0.0,0.0,0.0,0.0,2.0,0.0,6.0,0.0,0.0,0.0,0.0,0.0,0.0,0.0,6.0,7053.0,9112.0,3441.0,260.0,19948.0,6637.0,809.0,27396.0,27396.0
Bellarine,8892.0,7357.0,2384.0,146.0,18772.0,5788.0,456.0,25066.0,228.0,32.0,78.0,0.0,408.0,688.0,3.0,1145.0,137.0,26.0,33.0,0.0,260.0,107.0,0.0,374.0,384.0,93.0,125.0,0.0,702.0,787.0,8.0,1588.0,32.0,3.0,3.0,0.0,40.0,87.0,0.0,148.0,3.0,3.0,0.0,0.0,6.0,0.0,0.0,3.0,0.0,0.0,0.0,0.0,0.0,0.0,0.0,0.0,0.0,0.0,0.0,0.0,0.0,0.0,0.0,0.0,0.0,0.0,0.0,0.0,0.0,0.0,0.0,0.0,35.0,6.0,3.0,0.0,46.0,88.0,0.0,152.0,3.0,0.0,0.0,0.0,3.0,3.0,0.0,5.0,18.0,0.0,3.0,0.0,27.0,77.0,4.0,110.0,0.0,0.0,0.0,0.0,0.0,0.0,0.0,0.0,5.0,0.0,0.0,0.0,9.0,5.0,0.0,17.0,26.0,0.0,4.0,0.0,36.0,90.0,4.0,141.0,4.0,0.0,0.0,0.0,11.0,3.0,0.0,9.0,9391.0,7478.0,2545.0,156.0,19598.0,6788.0,513.0,26978.0,26978.0
Benambra,7271.0,6930.0,2614.0,136.0,17097.0,5579.0,498.0,23187.0,169.0,65.0,137.0,4.0,446.0,1067.0,45.0,1606.0,6.0,3.0,15.0,5.0,46.0,37.0,0.0,91.0,186.0,62.0,161.0,12.0,495.0,1114.0,50.0,1716.0,32.0,4.0,23.0,0.0,84.0,205.0,7.0,305.0,0.0,0.0,0.0,0.0,0.0,0.0,0.0,0.0,0.0,0.0,0.0,0.0,0.0,0.0,0.0,0.0,0.0,0.0,0.0,0.0,0.0,0.0,0.0,0.0,0.0,0.0,0.0,0.0,0.0,0.0,0.0,6.0,32.0,4.0,23.0,0.0,84.0,205.0,7.0,314.0,3.0,0.0,0.0,0.0,3.0,44.0,0.0,58.0,0.0,0.0,0.0,0.0,0.0,3.0,0.0,21.0,0.0,0.0,0.0,0.0,0.0,0.0,0.0,0.0,7.0,0.0,0.0,0.0,10.0,9.0,0.0,28.0,16.0,0.0,3.0,0.0,30.0,59.0,0.0,117.0,13.0,5.0,0.0,0.0,24.0,0.0,0.0,38.0,7623.0,7055.0,2892.0,165.0,17756.0,7014.0,596.0,25400.0,25400.0
Bendigo East,7106.0,7727.0,3082.0,192.0,18087.0,5822.0,737.0,24746.0,240.0,108.0,131.0,10.0,559.0,1113.0,50.0,1743.0,44.0,22.0,29.0,0.0,130.0,71.0,24.0,239.0,303.0,136.0,149.0,10.0,661.0,1220.0,85.0,1947.0,17.0,0.0,12.0,0.0,35.0,55.0,0.0,97.0,9.0,4.0,0.0,0.0,7.0,4.0,0.0,13.0,0.0,0.0,0.0,0.0,0.0,0.0,0.0,0.0,0.0,0.0,0.0,0.0,0.0,0.0,0.0,0.0,0.0,0.0,0.0,0.0,0.0,0.0,0.0,0.0,26.0,4.0,12.0,0.0,42.0,59.0,0.0,110.0,3.0,0.0,0.0,0.0,3.0,1.0,0.0,9.0,10.0,0.0,0.0,0.0,20.0,9.0,0.0,29.0,0.0,0.0,0.0,0.0,0.0,0.0,0.0,0.0,3.0,0.0,0.0,0.0,7.0,12.0,0.0,13.0,20.0,0.0,0.0,0.0,35.0,24.0,0.0,67.0,7.0,0.0,0.0,0.0,11.0,6.0,0.0,27.0,7505.0,7932.0,3268.0,209.0,18897.0,7217.0,863.0,26985.0,26985.0
Bendigo West,6705.0,6014.0,2866.0,183.0,15789.0,6848.0,737.0,23466.0,131.0,53.0,104.0,5.0,351.0,861.0,26.0,1287.0,44.0,13.0,19.0,0.0,96.0,96.0,3.0,211.0,175.0,71.0,123.0,9.0,446.0,955.0,39.0,1500.0,45.0,7.0,18.0,0.0,73.0,190.0,3.0,288.0,0.0,0.0,0.0,0.0,0.0,0.0,0.0,0.0,0.0,0.0,0.0,0.0,0.0,0.0,0.0,0.0,0.0,0.0,0.0,0.0,0.0,0.0,0.0,0.0,0.0,0.0,0.0,0.0,0.0,0.0,0.0,0.0,45.0,7.0,18.0,0.0,72.0,195.0,3.0,297.0,3.0,0.0,0.0,0.0,3.0,31.0,0.0,29.0,8.0,0.0,0.0,0.0,8.0,6.0,0.0,20.0,0.0,0.0,0.0,0.0,0.0,0.0,0.0,0.0,5.0,0.0,4.0,0.0,18.0,12.0,4.0,33.0,19.0,0.0,4.0,0.0,28.0,51.0,4.0,82.0,0.0,0.0,0.0,0.0,6.0,12.0,0.0,23.0,6955.0,6133.0,3071.0,215.0,16455.0,8100.0,838.0,25431.0,25431.0
Bentleigh,4090.0,8269.0,2007.0,127.0,14510.0,3134.0,366.0,18109.0,677.0,617.0,280.0,12.0,1695.0,1050.0,43.0,2837.0,542.0,1197.0,290.0,15.0,2161.0,298.0,41.0,2577.0,1190.0,1850.0,670.0,35.0,3878.0,1404.0,121.0,5444.0,625.0,536.0,311.0,34.0,1602.0,1232.0,86.0,2918.0,164.0,51.0,47.0,0.0,307.0,229.0,29.0,584.0,292.0,118.0,90.0,6.0,508.0,555.0,44.0,1118.0,19.0,9.0,8.0,0.0,36.0,44.0,9.0,91.0,0.0,0.0,0.0,0.0,0.0,0.0,0.0,0.0,1120.0,752.0,470.0,43.0,2464.0,2089.0,201.0,4715.0,0.0,0.0,0.0,0.0,0.0,0.0,0.0,0.0,0.0,0.0,0.0,0.0,0.0,0.0,0.0,0.0,0.0,0.0,0.0,0.0,0.0,0.0,0.0,0.0,14.0,4.0,0.0,0.0,15.0,25.0,0.0,77.0,14.0,4.0,0.0,0.0,15.0,28.0,0.0,80.0,3.0,0.0,0.0,0.0,6.0,0.0,0.0,16.0,6477.0,10961.0,3168.0,277.0,20924.0,6698.0,735.0,28370.0,28370.0
Berwick,5053.0,12675.0,2238.0,113.0,20213.0,2707.0,328.0,23351.0,331.0,170.0,91.0,4.0,664.0,612.0,0.0,1305.0,180.0,182.0,86.0,0.0,447.0,146.0,10.0,622.0,532.0,343.0,186.0,4.0,1100.0,765.0,18.0,1934.0,14.0,6.0,6.0,0.0,30.0,9.0,0.0,39.0,0.0,0.0,0.0,0.0,0.0,8.0,0.0,8.0,0.0,0.0,0.0,0.0,0.0,0.0,0.0,0.0,0.0,0.0,0.0,0.0,0.0,0.0,0.0,0.0,0.0,0.0,0.0,0.0,0.0,0.0,0.0,0.0,14.0,6.0,6.0,0.0,30.0,17.0,0.0,47.0,8.0,0.0,0.0,0.0,8.0,0.0,0.0,8.0,12.0,0.0,0.0,0.0,12.0,65.0,0.0,76.0,0.0,0.0,0.0,0.0,0.0,0.0,0.0,0.0,0.0,0.0,0.0,0.0,0.0,0.0,0.0,6.0,20.0,0.0,0.0,0.0,20.0,64.0,0.0,90.0,3.0,0.0,0.0,0.0,3.0,0.0,0.0,0.0,5652.0,13089.0,2446.0,120.0,21396.0,3589.0,378.0,25410.0,25410.0
Box Hill,4195.0,7698.0,1862.0,220.0,14024.0,3470.0,837.0,18263.0,1153.0,904.0,374.0,27.0,2626.0,1930.0,191.0,4860.0,783.0,1024.0,394.0,21.0,2237.0,659.0,177.0,3200.0,1944.0,1971.0,852.0,67.0,4878.0,2596.0,456.0,7978.0,356.0,226.0,150.0,18.0,839.0,818.0,114.0,1753.0,337.0,87.0,77.0,31.0,554.0,476.0,117.0,1143.0,413.0,95.0,120.0,20.0,653.0,737.0,131.0,1548.0,486.0,121.0,129.0,30.0,766.0,564.0,190.0,1521.0,0.0,0.0,0.0,0.0,0.0,0.0,0.0,3.0,1572.0,570.0,453.0,98.0,2771.0,2605.0,544.0,5927.0,0.0,0.0,0.0,0.0,0.0,0.0,0.0,0.0,0.0,0.0,0.0,0.0,0.0,0.0,0.0,0.0,0.0,0.0,0.0,0.0,0.0,0.0,0.0,0.0,0.0,0.0,0.0,0.0,11.0,0.0,5.0,23.0,0.0,0.0,0.0,0.0,11.0,0.0,5.0,23.0,0.0,0.0,0.0,0.0,0.0,4.0,0.0,5.0,7786.0,10185.0,3178.0,425.0,21709.0,8670.0,1830.0,32279.0,32279.0
Brighton,3152.0,6012.0,1187.0,30.0,10517.0,2056.0,144.0,12768.0,682.0,619.0,230.0,5.0,1592.0,939.0,51.0,2646.0,784.0,820.0,210.0,0.0,1903.0,636.0,36.0,2651.0,1527.0,1432.0,473.0,14.0,3498.0,1640.0,120.0,5313.0,740.0,354.0,188.0,11.0,1304.0,1503.0,174.0,3048.0,856.0,237.0,194.0,34.0,1377.0,1958.0,227.0,3577.0,297.0,68.0,72.0,3.0,458.0,661.0,22.0,1141.0,14.0,7.0,3.0,0.0,26.0,50.0,0.0,74.0,0.0,0.0,0.0,0.0,0.0,0.0,0.0,0.0,1949.0,707.0,448.0,63.0,3184.0,4164.0,481.0,7854.0,0.0,0.0,0.0,0.0,0.0,0.0,0.0,0.0,0.0,0.0,0.0,0.0,0.0,0.0,0.0,0.0,0.0,0.0,0.0,0.0,0.0,0.0,0.0,0.0,22.0,0.0,10.0,0.0,41.0,47.0,4.0,99.0,22.0,0.0,10.0,0.0,41.0,47.0,4.0,99.0,0.0,3.0,0.0,0.0,3.0,0.0,0.0,3.0,6678.0,8171.0,2294.0,153.0,17345.0,7959.0,832.0,26133.0,26133.0
Broadmeadows,3996.0,7005.0,2765.0,290.0,14216.0,4210.0,727.0,19232.0,372.0,370.0,177.0,21.0,1010.0,906.0,48.0,2037.0,1117.0,1207.0,394.0,83.0,2887.0,983.0,259.0,4155.0,1519.0,1616.0,604.0,114.0,3878.0,1888.0,342.0,6193.0,283.0,316.0,171.0,25.0,869.0,551.0,85.0,1502.0,22.0,6.0,0.0,0.0,35.0,27.0,4.0,70.0,3.0,17.0,17.0,0.0,41.0,40.0,0.0,71.0,0.0,0.0,0.0,0.0,0.0,0.0,0.0,0.0,0.0,4.0,0.0,0.0,9.0,0.0,0.0,9.0,297.0,355.0,191.0,25.0,949.0,622.0,93.0,1659.0,0.0,0.0,0.0,0.0,3.0,39.0,0.0,46.0,4.0,0.0,0.0,0.0,5.0,57.0,0.0,63.0,0.0,0.0,0.0,0.0,0.0,0.0,0.0,0.0,0.0,0.0,3.0,0.0,6.0,11.0,0.0,19.0,4.0,0.0,3.0,0.0,11.0,110.0,0.0,129.0,0.0,4.0,0.0,0.0,4.0,0.0,0.0,15.0,5850.0,9051.0,3670.0,464.0,19187.0,6932.0,1215.0,27312.0,27312.0
Brunswick,2086.0,2628.0,712.0,93.0,5666.0,1650.0,1075.0,8358.0,1891.0,1118.0,342.0,61.0,3480.0,1878.0,980.0,6375.0,1253.0,861.0,290.0,47.0,2489.0,991.0,770.0,4224.0,3120.0,2075.0,632.0,122.0,5997.0,2842.0,1741.0,10668.0,693.0,195.0,107.0,32.0,1129.0,1748.0,274.0,3186.0,484.0,94.0,90.0,9.0,772.0,1095.0,191.0,2057.0,1349.0,271.0,166.0,54.0,1852.0,2382.0,388.0,4631.0,239.0,36.0,32.0,14.0,315.0,543.0,87.0,961.0,0.0,0.0,0.0,0.0,0.0,0.0,0.0,0.0,2801.0,647.0,426.0,125.0,4040.0,5788.0,984.0,10815.0,0.0,0.0,0.0,0.0,0.0,0.0,0.0,0.0,0.0,0.0,0.0,0.0,0.0,0.0,0.0,0.0,0.0,0.0,0.0,0.0,0.0,0.0,0.0,0.0,44.0,11.0,0.0,0.0,91.0,60.0,69.0,258.0,44.0,11.0,0.0,0.0,91.0,60.0,69.0,261.0,0.0,0.0,0.0,0.0,0.0,0.0,0.0,7.0,8120.0,5410.0,1851.0,462.0,15838.0,10348.0,3970.0,30195.0,30195.0
Bulleen,5375.0,7909.0,2037.0,164.0,15585.0,3081.0,342.0,19038.0,356.0,241.0,136.0,8.0,860.0,669.0,12.0,1582.0,850.0,1182.0,363.0,23.0,2552.0,516.0,68.0,3148.0,1246.0,1536.0,539.0,34.0,3412.0,1188.0,81.0,4700.0,145.0,81.0,52.0,0.0,324.0,327.0,6.0,651.0,105.0,50.0,21.0,8.0,207.0,225.0,3.0,431.0,361.0,136.0,102.0,12.0,630.0,500.0,47.0,1171.0,406.0,173.0,143.0,18.0,732.0,542.0,43.0,1322.0,0.0,0.0,0.0,0.0,0.0,0.0,0.0,0.0,1046.0,443.0,344.0,46.0,1889.0,1578.0,99.0,3616.0,0.0,0.0,0.0,0.0,0.0,0.0,0.0,0.0,0.0,0.0,0.0,0.0,0.0,0.0,0.0,0.0,0.0,0.0,0.0,0.0,0.0,0.0,0.0,0.0,0.0,0.0,0.0,0.0,0.0,0.0,0.0,4.0,0.0,0.0,0.0,0.0,0.0,0.0,0.0,4.0,0.0,4.0,7.0,0.0,9.0,5.0,0.0,14.0,7722.0,9958.0,2994.0,300.0,20858.0,5911.0,610.0,27380.0,27380.0
Bundoora,5348.0,7968.0,2350.0,212.0,15998.0,3779.0,744.0,20547.0,327.0,235.0,174.0,4.0,771.0,819.0,60.0,1722.0,475.0,440.0,199.0,23.0,1138.0,489.0,149.0,1828.0,818.0,701.0,375.0,39.0,1991.0,1308.0,228.0,3560.0,69.0,52.0,38.0,14.0,195.0,224.0,30.0,438.0,85.0,8.0,28.0,12.0,145.0,225.0,40.0,423.0,78.0,13.0,45.0,5.0,159.0,257.0,43.0,438.0,18.0,4.0,5.0,8.0,33.0,36.0,6.0,79.0,0.0,0.0,0.0,0.0,0.0,0.0,0.0,0.0,266.0,84.0,111.0,29.0,536.0,738.0,127.0,1398.0,0.0,0.0,0.0,0.0,0.0,0.0,0.0,0.0,0.0,0.0,0.0,0.0,0.0,0.0,0.0,0.0,0.0,0.0,0.0,0.0,0.0,0.0,0.0,0.0,3.0,0.0,0.0,0.0,3.0,0.0,0.0,3.0,3.0,0.0,0.0,0.0,3.0,0.0,0.0,3.0,0.0,0.0,0.0,0.0,0.0,0.0,0.0,7.0,6447.0,8814.0,2849.0,299.0,18537.0,5932.0,1087.0,25517.0,25517.0
Carrum,4872.0,8511.0,2615.0,160.0,16241.0,3698.0,525.0,20477.0,645.0,477.0,418.0,11.0,1648.0,1448.0,86.0,3184.0,714.0,500.0,324.0,14.0,1609.0,745.0,58.0,2425.0,1454.0,997.0,751.0,31.0,3222.0,2186.0,155.0,5656.0,141.0,74.0,31.0,0.0,281.0,458.0,19.0,738.0,40.0,15.0,17.0,0.0,79.0,80.0,4.0,159.0,18.0,3.0,21.0,0.0,43.0,73.0,5.0,123.0,0.0,0.0,0.0,0.0,0.0,0.0,0.0,0.0,0.0,0.0,0.0,0.0,0.0,0.0,0.0,3.0,210.0,94.0,70.0,0.0,408.0,610.0,27.0,1020.0,4.0,0.0,0.0,0.0,5.0,18.0,0.0,27.0,21.0,3.0,10.0,0.0,34.0,158.0,0.0,183.0,0.0,0.0,0.0,0.0,0.0,0.0,0.0,0.0,0.0,0.0,0.0,0.0,5.0,3.0,0.0,4.0,24.0,3.0,8.0,0.0,44.0,173.0,0.0,220.0,0.0,0.0,0.0,0.0,0.0,4.0,0.0,4.0,6523.0,9661.0,3487.0,224.0,19955.0,6726.0,710.0,27429.0,27429.0
Caulfield,2619.0,4556.0,739.0,46.0,8067.0,1494.0,331.0,9903.0,1110.0,1177.0,344.0,14.0,2743.0,1393.0,181.0,4350.0,835.0,927.0,267.0,4.0,2102.0,611.0,183.0,2977.0,1957.0,2086.0,593.0,22.0,4836.0,2125.0,381.0,7391.0,1238.0,571.0,310.0,22.0,2236.0,2971.0,465.0,5725.0,1084.0,322.0,168.0,49.0,1740.0,1969.0,366.0,4066.0,486.0,107.0,64.0,23.0,674.0,690.0,150.0,1505.0,120.0,16.0,10.0,8.0,163.0,207.0,37.0,402.0,0.0,0.0,0.0,0.0,0.0,7.0,0.0,15.0,2947.0,1043.0,597.0,131.0,4776.0,5871.0,1037.0,11732.0,0.0,0.0,0.0,0.0,0.0,0.0,0.0,0.0,0.0,0.0,0.0,0.0,0.0,0.0,0.0,0.0,0.0,0.0,0.0,0.0,0.0,0.0,0.0,0.0,36.0,4.0,9.0,0.0,51.0,74.0,13.0,154.0,36.0,4.0,9.0,0.0,51.0,74.0,13.0,154.0,0.0,0.0,0.0,0.0,0.0,0.0,0.0,4.0,7647.0,7797.0,2071.0,278.0,17698.0,9519.0,1939.0,29317.0,29317.0
Clarinda,4559.0,8079.0,2567.0,249.0,15582.0,3210.0,548.0,19300.0,606.0,585.0,304.0,12.0,1668.0,1160.0,119.0,3003.0,334.0,489.0,150.0,17.0,1035.0,163.0,86.0,1375.0,974.0,1093.0,479.0,45.0,2664.0,1381.0,223.0,4383.0,219.0,229.0,116.0,13.0,624.0,444.0,64.0,1178.0,54.0,28.0,11.0,4.0,98.0,72.0,17.0,184.0,53.0,18.0,23.0,0.0,105.0,97.0,14.0,207.0,0.0,0.0,0.0,0.0,0.0,0.0,0.0,0.0,0.0,0.0,0.0,0.0,0.0,0.0,0.0,0.0,328.0,285.0,155.0,13.0,840.0,614.0,98.0,1578.0,0.0,0.0,0.0,0.0,10.0,38.0,0.0,45.0,0.0,0.0,0.0,0.0,0.0,18.0,0.0,15.0,0.0,0.0,0.0,0.0,0.0,0.0,0.0,0.0,4.0,0.0,0.0,0.0,7.0,13.0,0.0,27.0,7.0,0.0,0.0,0.0,15.0,70.0,0.0,88.0,0.0,0.0,0.0,0.0,0.0,3.0,0.0,3.0,5945.0,9578.0,3220.0,369.0,19176.0,5243.0,923.0,25372.0,25372.0
Cranbourne,4777.0,11624.0,3041.0,236.0,19641.0,3213.0,540.0,23481.0,648.0,631.0,301.0,19.0,1636.0,966.0,30.0,2710.0,105.0,132.0,87.0,0.0,345.0,127.0,26.0,551.0,768.0,771.0,394.0,19.0,2023.0,1113.0,60.0,3249.0,157.0,28.0,45.0,4.0,241.0,215.0,19.0,483.0,0.0,0.0,0.0,0.0,0.0,0.0,0.0,0.0,0.0,0.0,0.0,0.0,0.0,0.0,0.0,0.0,0.0,0.0,0.0,0.0,0.0,0.0,0.0,0.0,0.0,0.0,0.0,0.0,0.0,0.0,0.0,0.0,157.0,28.0,45.0,4.0,241.0,215.0,19.0,483.0,0.0,0.0,0.0,0.0,0.0,0.0,0.0,0.0,0.0,0.0,0.0,0.0,0.0,0.0,0.0,0.0,0.0,0.0,0.0,0.0,0.0,0.0,0.0,0.0,0.0,0.0,0.0,0.0,0.0,4.0,0.0,4.0,0.0,0.0,0.0,0.0,0.0,4.0,0.0,4.0,3.0,7.0,0.0,0.0,11.0,0.0,0.0,15.0,5774.0,12468.0,3487.0,277.0,21960.0,4557.0,623.0,27260.0,27260.0
Croydon,6412.0,8718.0,2951.0,176.0,18315.0,5537.0,521.0,24440.0,411.0,354.0,206.0,12.0,1049.0,1060.0,40.0,2228.0,185.0,186.0,161.0,3.0,621.0,274.0,18.0,927.0,623.0,553.0,364.0,18.0,1667.0,1347.0,59.0,3138.0,58.0,29.0,39.0,0.0,131.0,147.0,0.0,292.0,40.0,19.0,42.0,0.0,104.0,172.0,12.0,272.0,24.0,3.0,12.0,0.0,43.0,65.0,0.0,108.0,0.0,0.0,0.0,0.0,0.0,0.0,0.0,0.0,0.0,0.0,0.0,0.0,0.0,0.0,0.0,0.0,131.0,51.0,94.0,0.0,273.0,378.0,15.0,680.0,0.0,0.0,0.0,0.0,0.0,0.0,0.0,0.0,0.0,0.0,0.0,0.0,0.0,0.0,0.0,0.0,0.0,0.0,0.0,0.0,0.0,0.0,0.0,0.0,0.0,0.0,0.0,0.0,0.0,0.0,0.0,3.0,0.0,0.0,0.0,0.0,0.0,0.0,0.0,3.0,0.0,0.0,0.0,0.0,0.0,4.0,0.0,6.0,7242.0,9338.0,3473.0,226.0,20294.0,7339.0,663.0,28355.0,28355.0
Dandenong,4246.0,7540.0,3005.0,335.0,15132.0,3733.0,1085.0,19967.0,745.0,998.0,523.0,56.0,2371.0,1726.0,201.0,4339.0,488.0,761.0,281.0,36.0,1681.0,373.0,143.0,2244.0,1237.0,1812.0,816.0,113.0,4080.0,2168.0,403.0,6635.0,429.0,423.0,252.0,25.0,1184.0,918.0,130.0,2273.0,63.0,43.0,27.0,0.0,164.0,167.0,16.0,337.0,80.0,46.0,52.0,3.0,169.0,168.0,25.0,353.0,0.0,0.0,0.0,0.0,0.0,0.0,0.0,0.0,0.0,0.0,0.0,0.0,0.0,0.0,0.0,9.0,563.0,525.0,328.0,36.0,1547.0,1236.0,172.0,2986.0,3.0,0.0,0.0,0.0,6.0,21.0,0.0,33.0,0.0,0.0,0.0,0.0,0.0,14.0,0.0,13.0,0.0,0.0,0.0,0.0,0.0,0.0,0.0,0.0,0.0,4.0,0.0,0.0,7.0,7.0,0.0,17.0,3.0,4.0,5.0,0.0,15.0,44.0,0.0,59.0,0.0,3.0,3.0,0.0,6.0,10.0,0.0,23.0,6124.0,9926.0,4157.0,566.0,20774.0,7263.0,1629.0,29731.0,29731.0
Eildon,7527.0,6967.0,2404.0,92.0,17053.0,5604.0,503.0,23295.0,103.0,30.0,65.0,0.0,214.0,437.0,3.0,684.0,13.0,3.0,7.0,0.0,31.0,19.0,0.0,57.0,113.0,44.0,91.0,0.0,259.0,471.0,7.0,751.0,0.0,5.0,0.0,0.0,23.0,61.0,0.0,81.0,0.0,3.0,0.0,0.0,3.0,0.0,0.0,8.0,0.0,0.0,0.0,0.0,3.0,3.0,0.0,10.0,0.0,0.0,0.0,0.0,0.0,0.0,0.0,0.0,0.0,0.0,0.0,0.0,0.0,0.0,0.0,2.0,9.0,9.0,0.0,0.0,35.0,66.0,0.0,103.0,3.0,0.0,0.0,0.0,3.0,46.0,0.0,44.0,34.0,0.0,0.0,0.0,48.0,159.0,0.0,192.0,0.0,0.0,0.0,0.0,0.0,0.0,0.0,0.0,0.0,0.0,0.0,0.0,0.0,6.0,0.0,4.0,33.0,8.0,0.0,0.0,52.0,210.0,0.0,263.0,7.0,0.0,0.0,0.0,18.0,4.0,0.0,23.0,7728.0,7067.0,2524.0,102.0,17503.0,6330.0,525.0,24502.0,24502.0
Eltham,5834.0,9526.0,1958.0,83.0,17467.0,3020.0,165.0,20602.0,188.0,104.0,114.0,0.0,416.0,540.0,11.0,973.0,149.0,183.0,115.0,5.0,517.0,209.0,8.0,749.0,354.0,295.0,247.0,5.0,967.0,729.0,19.0,1715.0,111.0,76.0,86.0,6.0,294.0,274.0,0.0,565.0,4.0,0.0,3.0,0.0,19.0,60.0,0.0,81.0,10.0,0.0,4.0,0.0,12.0,18.0,0.0,32.0,0.0,0.0,0.0,0.0,0.0,0.0,0.0,0.0,0.0,0.0,0.0,0.0,0.0,0.0,0.0,0.0,137.0,80.0,97.0,6.0,327.0,362.0,0.0,687.0,0.0,0.0,0.0,0.0,0.0,0.0,0.0,0.0,0.0,0.0,0.0,0.0,0.0,0.0,0.0,0.0,0.0,0.0,0.0,0.0,0.0,0.0,0.0,0.0,0.0,0.0,0.0,0.0,0.0,0.0,0.0,0.0,0.0,0.0,0.0,0.0,0.0,0.0,0.0,0.0,0.0,0.0,0.0,0.0,7.0,0.0,0.0,4.0,6323.0,9935.0,2312.0,99.0,18801.0,4105.0,211.0,23126.0,23126.0
Essendon,3086.0,5768.0,1045.0,109.0,10134.0,2120.0,394.0,12742.0,672.0,575.0,173.0,12.0,1473.0,780.0,108.0,2371.0,842.0,798.0,251.0,18.0,2025.0,805.0,213.0,3073.0,1479.0,1423.0,445.0,37.0,3475.0,1646.0,372.0,5517.0,603.0,293.0,193.0,44.0,1183.0,1464.0,156.0,2893.0,456.0,153.0,199.0,25.0,895.0,1588.0,182.0,2706.0,999.0,228.0,149.0,61.0,1482.0,1945.0,217.0,3664.0,146.0,115.0,182.0,31.0,499.0,525.0,53.0,1084.0,0.0,0.0,0.0,0.0,0.0,0.0,0.0,0.0,2251.0,875.0,752.0,183.0,4087.0,5517.0,603.0,10258.0,0.0,0.0,0.0,0.0,0.0,0.0,0.0,0.0,0.0,0.0,0.0,0.0,0.0,0.0,0.0,0.0,0.0,0.0,0.0,0.0,0.0,0.0,0.0,0.0,10.0,0.0,0.0,0.0,36.0,30.0,10.0,81.0,10.0,0.0,0.0,0.0,36.0,30.0,10.0,81.0,0.0,0.0,0.0,0.0,0.0,0.0,0.0,0.0,6902.0,8084.0,2333.0,413.0,17758.0,9393.0,1475.0,28589.0,28589.0
Eureka,7312.0,8381.0,2905.0,142.0,18788.0,5671.0,727.0,25130.0,310.0,133.0,155.0,8.0,696.0,996.0,52.0,1800.0,36.0,7.0,40.0,4.0,107.0,94.0,3.0,223.0,378.0,165.0,206.0,11.0,795.0,1067.0,60.0,2040.0,46.0,0.0,24.0,4.0,70.0,220.0,8.0,303.0,0.0,0.0,0.0,0.0,0.0,14.0,0.0,13.0,0.0,0.0,0.0,0.0,0.0,24.0,0.0,21.0,0.0,0.0,0.0,0.0,0.0,0.0,0.0,0.0,0.0,0.0,0.0,0.0,0.0,0.0,0.0,0.0,46.0,0.0,24.0,4.0,70.0,252.0,8.0,339.0,4.0,0.0,0.0,0.0,7.0,13.0,0.0,28.0,9.0,0.0,0.0,0.0,11.0,15.0,0.0,26.0,0.0,0.0,0.0,0.0,0.0,0.0,0.0,0.0,0.0,0.0,0.0,3.0,6.0,0.0,0.0,9.0,16.0,0.0,0.0,3.0,18.0,27.0,0.0,72.0,0.0,3.0,0.0,0.0,7.0,3.0,0.0,16.0,7736.0,8578.0,3116.0,191.0,19785.0,7085.0,821.0,27658.0,27658.0
Euroa,7877.0,6091.0,2683.0,174.0,16936.0,6608.0,572.0,24087.0,267.0,37.0,85.0,0.0,445.0,1046.0,18.0,1548.0,18.0,0.0,6.0,0.0,25.0,11.0,0.0,43.0,280.0,37.0,94.0,0.0,488.0,1057.0,18.0,1589.0,5.0,0.0,10.0,0.0,20.0,23.0,0.0,43.0,0.0,0.0,0.0,0.0,0.0,0.0,0.0,0.0,0.0,0.0,0.0,0.0,0.0,0.0,0.0,0.0,0.0,0.0,0.0,0.0,0.0,0.0,0.0,0.0,0.0,4.0,0.0,0.0,4.0,0.0,0.0,4.0,5.0,4.0,10.0,0.0,24.0,23.0,0.0,47.0,8.0,0.0,0.0,0.0,18.0,77.0,8.0,124.0,12.0,0.0,0.0,0.0,27.0,59.0,0.0,80.0,3.0,0.0,0.0,0.0,3.0,0.0,0.0,5.0,3.0,3.0,0.0,0.0,6.0,3.0,0.0,27.0,28.0,10.0,0.0,0.0,62.0,153.0,8.0,235.0,0.0,0.0,0.0,0.0,4.0,7.0,0.0,13.0,8271.0,6179.0,2789.0,173.0,17523.0,7859.0,649.0,26067.0,26067.0
Evelyn,6278.0,9437.0,2386.0,141.0,18311.0,3667.0,387.0,22376.0,187.0,51.0,88.0,3.0,371.0,616.0,14.0,1035.0,169.0,44.0,59.0,4.0,274.0,173.0,9.0,449.0,349.0,103.0,143.0,3.0,664.0,789.0,31.0,1489.0,22.0,13.0,0.0,0.0,32.0,65.0,0.0,97.0,0.0,0.0,0.0,0.0,0.0,0.0,0.0,0.0,0.0,0.0,0.0,0.0,0.0,0.0,0.0,0.0,0.0,0.0,0.0,0.0,0.0,0.0,0.0,0.0,4.0,0.0,0.0,0.0,4.0,9.0,0.0,20.0,26.0,13.0,0.0,0.0,36.0,74.0,0.0,117.0,11.0,0.0,0.0,0.0,14.0,45.0,0.0,58.0,0.0,0.0,0.0,0.0,0.0,0.0,0.0,0.0,0.0,0.0,0.0,0.0,0.0,0.0,0.0,0.0,0.0,3.0,0.0,0.0,5.0,0.0,0.0,5.0,11.0,3.0,0.0,0.0,19.0,45.0,0.0,63.0,0.0,0.0,0.0,0.0,3.0,0.0,0.0,12.0,6699.0,9563.0,2618.0,169.0,19072.0,4623.0,426.0,24141.0,24141.0
Footscray,3622.0,5346.0,1470.0,232.0,10616.0,2674.0,1028.0,14391.0,365.0,217.0,124.0,8.0,842.0,770.0,101.0,1691.0,1317.0,1181.0,426.0,41.0,3118.0,1001.0,309.0,4558.0,1731.0,1461.0,571.0,65.0,4007.0,1744.0,455.0,6293.0,555.0,295.0,187.0,36.0,1158.0,1415.0,227.0,2837.0,423.0,150.0,74.0,33.0,672.0,863.0,139.0,1706.0,597.0,179.0,107.0,34.0,953.0,1168.0,140.0,2282.0,389.0,93.0,64.0,31.0,572.0,755.0,93.0,1430.0,0.0,0.0,0.0,0.0,7.0,4.0,0.0,21.0,1983.0,756.0,442.0,158.0,3425.0,4249.0,638.0,8335.0,0.0,0.0,0.0,0.0,0.0,0.0,0.0,0.0,0.0,0.0,0.0,0.0,0.0,0.0,0.0,0.0,0.0,0.0,0.0,0.0,0.0,0.0,0.0,0.0,34.0,15.0,10.0,0.0,79.0,48.0,9.0,148.0,34.0,15.0,10.0,0.0,79.0,48.0,9.0,148.0,3.0,0.0,0.0,0.0,9.0,10.0,0.0,29.0,7351.0,7689.0,2626.0,509.0,18153.0,8787.0,2159.0,29149.0,29149.0
Frankston,5205.0,6393.0,3192.0,223.0,15053.0,5032.0,703.0,20801.0,643.0,195.0,381.0,22.0,1347.0,2370.0,98.0,3866.0,231.0,178.0,168.0,4.0,652.0,444.0,42.0,1256.0,924.0,399.0,604.0,43.0,1975.0,2863.0,155.0,5101.0,134.0,44.0,82.0,6.0,259.0,574.0,30.0,885.0,27.0,8.0,14.0,0.0,46.0,79.0,7.0,131.0,23.0,0.0,12.0,0.0,40.0,61.0,3.0,116.0,0.0,0.0,6.0,0.0,3.0,23.0,0.0,24.0,0.0,0.0,0.0,0.0,0.0,0.0,0.0,0.0,176.0,58.0,113.0,6.0,342.0,733.0,44.0,1152.0,0.0,0.0,0.0,0.0,0.0,7.0,0.0,7.0,8.0,0.0,0.0,0.0,6.0,56.0,0.0,65.0,0.0,0.0,0.0,0.0,0.0,0.0,0.0,0.0,3.0,0.0,0.0,0.0,3.0,9.0,0.0,11.0,10.0,0.0,0.0,0.0,13.0,71.0,0.0,80.0,0.0,0.0,0.0,0.0,0.0,7.0,0.0,20.0,6373.0,6850.0,3923.0,299.0,17536.0,8765.0,912.0,27190.0,27190.0
Geelong,6180.0,7103.0,2525.0,150.0,16104.0,5649.0,936.0,22651.0,516.0,209.0,186.0,11.0,1086.0,2064.0,119.0,3276.0,194.0,108.0,78.0,7.0,493.0,316.0,81.0,925.0,773.0,341.0,271.0,22.0,1601.0,2375.0,208.0,4182.0,215.0,57.0,48.0,0.0,400.0,799.0,45.0,1261.0,14.0,0.0,3.0,0.0,43.0,101.0,11.0,145.0,68.0,18.0,15.0,4.0,94.0,182.0,20.0,298.0,57.0,4.0,4.0,5.0,68.0,59.0,7.0,134.0,0.0,0.0,0.0,0.0,0.0,0.0,0.0,3.0,368.0,91.0,71.0,12.0,593.0,1137.0,78.0,1850.0,0.0,0.0,0.0,0.0,0.0,11.0,0.0,8.0,22.0,0.0,9.0,0.0,45.0,133.0,6.0,192.0,0.0,0.0,0.0,0.0,0.0,0.0,0.0,0.0,7.0,0.0,0.0,0.0,5.0,9.0,11.0,40.0,29.0,4.0,9.0,0.0,58.0,154.0,17.0,253.0,7.0,0.0,0.0,0.0,17.0,24.0,5.0,40.0,7421.0,7586.0,3077.0,237.0,18332.0,9459.0,1328.0,29086.0,29086.0
Gippsland East,8428.0,5519.0,2308.0,111.0,16400.0,6487.0,498.0,23458.0,195.0,41.0,47.0,0.0,348.0,799.0,19.0,1228.0,26.0,11.0,4.0,0.0,49.0,43.0,4.0,114.0,224.0,46.0,69.0,0.0,388.0,848.0,24.0,1348.0,43.0,0.0,9.0,0.0,73.0,259.0,0.0,350.0,0.0,0.0,0.0,0.0,0.0,4.0,0.0,14.0,0.0,0.0,0.0,0.0,0.0,0.0,0.0,0.0,0.0,0.0,0.0,0.0,0.0,0.0,0.0,0.0,0.0,0.0,0.0,0.0,3.0,0.0,0.0,3.0,51.0,0.0,9.0,0.0,85.0,273.0,0.0,364.0,12.0,0.0,0.0,0.0,16.0,65.0,0.0,98.0,41.0,0.0,4.0,0.0,56.0,96.0,0.0,166.0,0.0,0.0,0.0,0.0,0.0,0.0,0.0,0.0,0.0,4.0,0.0,0.0,9.0,15.0,0.0,32.0,70.0,7.0,8.0,0.0,97.0,182.0,3.0,305.0,12.0,8.0,4.0,0.0,23.0,14.0,0.0,36.0,8868.0,5641.0,2444.0,118.0,17122.0,7870.0,546.0,25531.0,25531.0
Gippsland South,7990.0,6258.0,2296.0,148.0,16751.0,6590.0,471.0,23770.0,130.0,31.0,52.0,0.0,262.0,543.0,19.0,792.0,11.0,3.0,4.0,0.0,38.0,70.0,0.0,117.0,148.0,34.0,59.0,0.0,311.0,604.0,20.0,911.0,51.0,9.0,24.0,0.0,96.0,416.0,15.0,530.0,7.0,4.0,4.0,0.0,16.0,8.0,3.0,25.0,0.0,0.0,0.0,0.0,0.0,0.0,0.0,0.0,0.0,0.0,0.0,0.0,0.0,0.0,0.0,0.0,0.0,0.0,0.0,0.0,1.0,0.0,0.0,7.0,60.0,13.0,28.0,0.0,112.0,427.0,18.0,554.0,3.0,0.0,0.0,0.0,6.0,53.0,0.0,67.0,5.0,0.0,3.0,0.0,18.0,35.0,0.0,55.0,0.0,0.0,0.0,0.0,0.0,0.0,0.0,0.0,11.0,0.0,0.0,0.0,10.0,6.0,0.0,38.0,24.0,0.0,3.0,0.0,44.0,101.0,0.0,174.0,0.0,0.0,0.0,0.0,0.0,9.0,0.0,9.0,8325.0,6336.0,2399.0,169.0,17272.0,7746.0,523.0,25560.0,25560.0
Glen Waverley,5931.0,10222.0,2490.0,180.0,18932.0,3590.0,640.0,23172.0,501.0,485.0,172.0,4.0,1274.0,960.0,45.0,2340.0,192.0,535.0,77.0,11.0,933.0,137.0,18.0,1135.0,784.0,1104.0,300.0,19.0,2252.0,1084.0,81.0,3512.0,154.0,301.0,77.0,0.0,543.0,213.0,18.0,766.0,49.0,38.0,20.0,0.0,127.0,81.0,7.0,229.0,89.0,14.0,20.0,3.0,123.0,93.0,6.0,242.0,109.0,53.0,52.0,7.0,227.0,148.0,21.0,395.0,0.0,0.0,0.0,0.0,0.0,0.0,0.0,3.0,398.0,412.0,177.0,12.0,1025.0,531.0,54.0,1615.0,0.0,0.0,0.0,0.0,0.0,0.0,0.0,0.0,0.0,0.0,0.0,0.0,0.0,0.0,0.0,0.0,0.0,0.0,0.0,0.0,0.0,0.0,0.0,0.0,4.0,3.0,0.0,0.0,4.0,0.0,0.0,4.0,4.0,3.0,0.0,0.0,4.0,0.0,0.0,4.0,0.0,0.0,0.0,0.0,0.0,4.0,0.0,8.0,7176.0,11735.0,2952.0,238.0,22226.0,5314.0,821.0,28305.0,28305.0
Greenvale,3761.0,10597.0,2805.0,152.0,17460.0,2288.0,276.0,20052.0,185.0,397.0,228.0,20.0,868.0,299.0,9.0,1268.0,112.0,214.0,116.0,0.0,519.0,132.0,11.0,705.0,318.0,600.0,355.0,27.0,1415.0,470.0,27.0,1971.0,24.0,18.0,12.0,0.0,66.0,24.0,4.0,113.0,0.0,0.0,0.0,0.0,0.0,0.0,0.0,0.0,11.0,3.0,0.0,0.0,25.0,22.0,0.0,45.0,0.0,0.0,0.0,0.0,0.0,0.0,0.0,0.0,0.0,0.0,0.0,0.0,0.0,7.0,0.0,3.0,34.0,24.0,18.0,0.0,95.0,51.0,4.0,159.0,0.0,0.0,0.0,0.0,0.0,0.0,0.0,0.0,0.0,0.0,0.0,0.0,0.0,0.0,0.0,0.0,0.0,0.0,0.0,0.0,0.0,0.0,0.0,0.0,0.0,0.0,0.0,0.0,0.0,0.0,0.0,3.0,0.0,0.0,0.0,0.0,0.0,0.0,0.0,5.0,0.0,0.0,0.0,0.0,0.0,5.0,0.0,11.0,4171.0,11313.0,3255.0,187.0,18984.0,2841.0,345.0,22184.0,22184.0
Hastings,5909.0,7593.0,2431.0,126.0,16093.0,3976.0,289.0,20403.0,668.0,220.0,428.0,7.0,1392.0,1802.0,72.0,3246.0,92.0,61.0,79.0,6.0,270.0,134.0,3.0,444.0,767.0,299.0,515.0,13.0,1663.0,1933.0,84.0,3692.0,14.0,6.0,4.0,0.0,22.0,37.0,0.0,61.0,0.0,0.0,0.0,0.0,0.0,0.0,0.0,4.0,0.0,0.0,0.0,0.0,0.0,0.0,0.0,0.0,0.0,0.0,0.0,0.0,0.0,0.0,0.0,0.0,0.0,0.0,0.0,0.0,0.0,6.0,0.0,12.0,14.0,6.0,4.0,0.0,22.0,43.0,0.0,77.0,0.0,0.0,0.0,0.0,0.0,0.0,0.0,0.0,17.0,3.0,5.0,0.0,30.0,161.0,10.0,196.0,0.0,0.0,0.0,0.0,0.0,0.0,0.0,0.0,0.0,0.0,0.0,3.0,3.0,0.0,0.0,3.0,17.0,3.0,5.0,3.0,33.0,163.0,10.0,199.0,0.0,0.0,0.0,0.0,0.0,8.0,0.0,16.0,6701.0,7937.0,3015.0,179.0,17877.0,6123.0,428.0,24451.0,24451.0
Hawthorn,3090.0,5663.0,956.0,59.0,9849.0,1704.0,282.0,11879.0,913.0,923.0,233.0,10.0,2156.0,1112.0,106.0,3552.0,538.0,575.0,194.0,7.0,1353.0,320.0,46.0,1807.0,1425.0,1545.0,482.0,18.0,3532.0,1529.0,178.0,5324.0,869.0,343.0,163.0,48.0,1505.0,1624.0,305.0,3485.0,938.0,254.0,95.0,22.0,1377.0,1837.0,363.0,3598.0,890.0,209.0,163.0,42.0,1329.0,1607.0,172.0,3121.0,139.0,41.0,21.0,8.0,231.0,347.0,39.0,600.0,0.0,0.0,0.0,0.0,0.0,0.0,0.0,0.0,2842.0,920.0,456.0,196.0,4458.0,5417.0,894.0,10799.0,0.0,0.0,0.0,0.0,0.0,0.0,0.0,0.0,0.0,0.0,0.0,0.0,0.0,0.0,0.0,0.0,0.0,0.0,0.0,0.0,0.0,0.0,0.0,0.0,7.0,11.0,4.0,0.0,31.0,20.0,26.0,107.0,7.0,11.0,4.0,0.0,31.0,20.0,26.0,107.0,3.0,0.0,0.0,0.0,10.0,0.0,0.0,6.0,7446.0,8160.0,2020.0,306.0,17947.0,8680.0,1525.0,28173.0,28173.0
Ivanhoe,4140.0,6900.0,1687.0,136.0,12951.0,3395.0,508.0,16838.0,572.0,357.0,229.0,13.0,1243.0,1226.0,89.0,2575.0,721.0,723.0,263.0,19.0,1747.0,565.0,110.0,2506.0,1256.0,1078.0,553.0,56.0,2990.0,1800.0,254.0,5113.0,433.0,216.0,152.0,3.0,832.0,847.0,49.0,1709.0,115.0,31.0,19.0,5.0,192.0,194.0,7.0,392.0,277.0,45.0,30.0,5.0,403.0,415.0,33.0,871.0,58.0,24.0,32.0,3.0,105.0,180.0,13.0,302.0,0.0,0.0,0.0,0.0,0.0,0.0,0.0,0.0,900.0,327.0,246.0,15.0,1520.0,1650.0,120.0,3284.0,0.0,0.0,0.0,0.0,0.0,0.0,0.0,0.0,0.0,0.0,0.0,0.0,0.0,0.0,0.0,0.0,0.0,0.0,0.0,0.0,0.0,0.0,0.0,0.0,0.0,0.0,0.0,0.0,3.0,9.0,4.0,16.0,0.0,0.0,0.0,0.0,3.0,9.0,4.0,16.0,10.0,0.0,4.0,0.0,10.0,9.0,0.0,17.0,6308.0,8329.0,2495.0,243.0,17486.0,6871.0,881.0,25313.0,25313.0
Kalkallo,4749.0,14250.0,2973.0,212.0,22255.0,2951.0,493.0,25753.0,180.0,267.0,110.0,4.0,653.0,312.0,26.0,1015.0,217.0,317.0,165.0,22.0,765.0,282.0,38.0,1112.0,431.0,574.0,297.0,30.0,1402.0,588.0,58.0,2126.0,24.0,38.0,33.0,4.0,116.0,48.0,0.0,155.0,0.0,0.0,0.0,0.0,0.0,0.0,0.0,0.0,0.0,3.0,6.0,0.0,10.0,3.0,4.0,16.0,0.0,0.0,0.0,0.0,0.0,0.0,0.0,0.0,0.0,0.0,0.0,0.0,0.0,0.0,0.0,0.0,24.0,41.0,39.0,4.0,126.0,58.0,4.0,178.0,0.0,0.0,0.0,0.0,0.0,0.0,0.0,0.0,0.0,0.0,0.0,0.0,0.0,0.0,0.0,0.0,0.0,0.0,0.0,0.0,0.0,0.0,0.0,0.0,0.0,0.0,0.0,0.0,4.0,0.0,0.0,4.0,0.0,0.0,0.0,0.0,4.0,0.0,0.0,4.0,0.0,0.0,0.0,0.0,4.0,6.0,0.0,13.0,5277.0,14956.0,3298.0,271.0,23848.0,3645.0,545.0,28102.0,28102.0
Kew,3935.0,8188.0,1873.0,92.0,14054.0,2462.0,360.0,16889.0,735.0,707.0,284.0,16.0,1837.0,1190.0,103.0,3200.0,569.0,871.0,287.0,7.0,1819.0,439.0,47.0,2381.0,1310.0,1612.0,636.0,31.0,3669.0,1645.0,178.0,5614.0,365.0,196.0,139.0,14.0,754.0,830.0,98.0,1730.0,335.0,126.0,55.0,13.0,558.0,523.0,57.0,1122.0,255.0,119.0,84.0,10.0,500.0,416.0,50.0,975.0,10.0,0.0,0.0,0.0,7.0,21.0,5.0,29.0,0.0,0.0,0.0,0.0,0.0,0.0,0.0,0.0,965.0,442.0,291.0,44.0,1843.0,1820.0,245.0,3903.0,0.0,0.0,0.0,0.0,0.0,0.0,0.0,0.0,0.0,0.0,0.0,0.0,0.0,0.0,0.0,0.0,0.0,0.0,0.0,0.0,0.0,0.0,0.0,0.0,9.0,4.0,0.0,0.0,23.0,18.0,0.0,58.0,9.0,4.0,0.0,0.0,23.0,18.0,0.0,58.0,0.0,0.0,0.0,0.0,0.0,3.0,0.0,0.0,6308.0,10212.0,2840.0,204.0,19652.0,5999.0,917.0,26541.0,26541.0
Kororoit,4486.0,11768.0,3148.0,258.0,19792.0,3195.0,517.0,23572.0,160.0,193.0,103.0,5.0,541.0,343.0,0.0,920.0,132.0,282.0,178.0,6.0,637.0,165.0,19.0,850.0,309.0,519.0,310.0,20.0,1195.0,511.0,19.0,1770.0,11.0,14.0,11.0,3.0,46.0,45.0,0.0,102.0,20.0,6.0,14.0,0.0,31.0,31.0,0.0,60.0,39.0,21.0,25.0,0.0,84.0,46.0,5.0,138.0,0.0,0.0,0.0,0.0,0.0,0.0,0.0,0.0,0.0,0.0,0.0,0.0,0.0,3.0,0.0,3.0,67.0,36.0,47.0,3.0,160.0,124.0,5.0,298.0,7.0,0.0,0.0,0.0,5.0,44.0,0.0,47.0,5.0,0.0,0.0,0.0,5.0,54.0,3.0,54.0,0.0,0.0,0.0,0.0,0.0,0.0,0.0,0.0,0.0,0.0,0.0,0.0,0.0,0.0,0.0,0.0,7.0,0.0,0.0,0.0,8.0,94.0,4.0,101.0,0.0,0.0,0.0,0.0,0.0,0.0,0.0,8.0,4916.0,12325.0,3559.0,304.0,21175.0,3960.0,593.0,25780.0,25780.0
Lara,5724.0,6818.0,3449.0,277.0,16414.0,5666.0,788.0,22891.0,376.0,165.0,171.0,5.0,815.0,1308.0,65.0,2201.0,99.0,29.0,37.0,0.0,212.0,150.0,27.0,386.0,477.0,215.0,217.0,5.0,1045.0,1445.0,97.0,2571.0,44.0,34.0,51.0,0.0,177.0,274.0,0.0,477.0,0.0,0.0,0.0,0.0,0.0,0.0,0.0,0.0,0.0,0.0,0.0,0.0,0.0,0.0,0.0,0.0,0.0,0.0,0.0,0.0,0.0,0.0,0.0,0.0,0.0,0.0,0.0,0.0,0.0,0.0,0.0,0.0,44.0,38.0,51.0,0.0,177.0,274.0,0.0,477.0,5.0,0.0,0.0,0.0,3.0,19.0,0.0,23.0,9.0,0.0,0.0,0.0,9.0,24.0,0.0,40.0,0.0,0.0,0.0,0.0,0.0,0.0,0.0,0.0,13.0,31.0,5.0,0.0,44.0,16.0,0.0,72.0,26.0,31.0,5.0,0.0,62.0,59.0,0.0,133.0,4.0,0.0,0.0,0.0,4.0,0.0,0.0,8.0,6348.0,7222.0,3773.0,302.0,17680.0,7525.0,921.0,26160.0,26160.0
Laverton,4604.0,10333.0,2859.0,433.0,18232.0,3687.0,1288.0,23217.0,491.0,770.0,333.0,46.0,1643.0,769.0,123.0,2723.0,596.0,739.0,259.0,39.0,1717.0,463.0,180.0,2385.0,1109.0,1550.0,628.0,105.0,3442.0,1302.0,346.0,5152.0,131.0,101.0,104.0,7.0,353.0,423.0,34.0,861.0,30.0,11.0,5.0,0.0,53.0,39.0,6.0,110.0,58.0,23.0,13.0,4.0,105.0,97.0,20.0,215.0,11.0,6.0,6.0,4.0,27.0,53.0,14.0,91.0,0.0,0.0,0.0,0.0,0.0,0.0,0.0,0.0,226.0,142.0,132.0,15.0,544.0,619.0,76.0,1280.0,0.0,0.0,0.0,0.0,0.0,8.0,0.0,3.0,0.0,0.0,3.0,0.0,11.0,38.0,0.0,48.0,0.0,0.0,0.0,0.0,0.0,0.0,0.0,0.0,0.0,0.0,0.0,0.0,5.0,11.0,0.0,17.0,0.0,0.0,4.0,0.0,14.0,49.0,0.0,72.0,0.0,0.0,0.0,0.0,0.0,0.0,0.0,6.0,5936.0,11941.0,3668.0,580.0,22303.0,5713.0,1748.0,29743.0,29743.0
Lowan,8342.0,6431.0,2420.0,143.0,17466.0,8036.0,577.0,26039.0,99.0,9.0,10.0,0.0,188.0,620.0,9.0,888.0,0.0,0.0,0.0,0.0,0.0,7.0,0.0,7.0,104.0,9.0,10.0,0.0,193.0,633.0,9.0,914.0,64.0,16.0,32.0,10.0,136.0,482.0,12.0,677.0,0.0,0.0,0.0,0.0,0.0,0.0,0.0,0.0,0.0,0.0,0.0,0.0,0.0,0.0,0.0,0.0,0.0,0.0,0.0,0.0,0.0,0.0,0.0,0.0,0.0,0.0,0.0,0.0,0.0,0.0,0.0,0.0,64.0,16.0,32.0,10.0,136.0,482.0,12.0,677.0,10.0,0.0,0.0,0.0,14.0,43.0,0.0,52.0,10.0,0.0,0.0,0.0,13.0,5.0,0.0,20.0,0.0,0.0,0.0,0.0,0.0,0.0,0.0,0.0,12.0,0.0,0.0,0.0,22.0,6.0,0.0,44.0,39.0,0.0,0.0,0.0,52.0,64.0,0.0,115.0,0.0,0.0,0.0,0.0,8.0,8.0,0.0,16.0,8581.0,6511.0,2514.0,162.0,17905.0,9314.0,638.0,27932.0,27932.0
Macedon,7140.0,7719.0,1970.0,83.0,17025.0,4553.0,418.0,21943.0,204.0,61.0,114.0,0.0,406.0,612.0,9.0,1050.0,15.0,4.0,8.0,0.0,43.0,35.0,0.0,81.0,250.0,76.0,150.0,0.0,477.0,632.0,9.0,1143.0,9.0,3.0,3.0,0.0,13.0,7.0,0.0,33.0,0.0,6.0,0.0,0.0,7.0,4.0,4.0,13.0,0.0,0.0,0.0,0.0,0.0,0.0,0.0,0.0,0.0,0.0,0.0,0.0,0.0,0.0,0.0,0.0,3.0,0.0,0.0,0.0,3.0,0.0,0.0,3.0,12.0,9.0,3.0,0.0,23.0,11.0,4.0,49.0,0.0,0.0,0.0,0.0,0.0,3.0,0.0,15.0,10.0,21.0,0.0,0.0,33.0,20.0,0.0,54.0,0.0,0.0,0.0,0.0,0.0,0.0,0.0,0.0,9.0,7.0,0.0,0.0,15.0,14.0,0.0,35.0,25.0,28.0,0.0,0.0,54.0,46.0,0.0,121.0,3.0,4.0,0.0,0.0,4.0,0.0,0.0,20.0,7466.0,7871.0,2133.0,90.0,17650.0,5241.0,445.0,23340.0,23340.0
Malvern,2654.0,4926.0,864.0,46.0,8607.0,1587.0,228.0,10359.0,708.0,589.0,239.0,8.0,1558.0,982.0,81.0,2548.0,864.0,690.0,240.0,3.0,1791.0,601.0,110.0,2619.0,1539.0,1261.0,516.0,19.0,3320.0,1584.0,208.0,5244.0,1040.0,369.0,198.0,22.0,1720.0,2042.0,297.0,4127.0,994.0,293.0,157.0,22.0,1545.0,2008.0,272.0,3891.0,556.0,128.0,90.0,9.0,855.0,954.0,83.0,1898.0,86.0,25.0,12.0,0.0,138.0,163.0,49.0,342.0,0.0,0.0,0.0,0.0,3.0,0.0,0.0,3.0,2724.0,833.0,525.0,84.0,4292.0,5181.0,776.0,10303.0,0.0,0.0,0.0,0.0,0.0,0.0,0.0,0.0,0.0,0.0,0.0,0.0,0.0,0.0,0.0,0.0,0.0,0.0,0.0,0.0,0.0,0.0,0.0,0.0,79.0,0.0,4.0,0.0,99.0,151.0,3.0,283.0,79.0,0.0,4.0,0.0,99.0,151.0,3.0,283.0,0.0,0.0,0.0,0.0,0.0,0.0,0.0,0.0,6983.0,7058.0,1926.0,264.0,16369.0,8522.0,1377.0,26293.0,26293.0
Melbourne,402.0,416.0,100.0,21.0,952.0,277.0,138.0,1406.0,713.0,354.0,106.0,12.0,1229.0,643.0,355.0,2245.0,1509.0,1161.0,331.0,62.0,3147.0,1302.0,843.0,5370.0,2227.0,1515.0,485.0,98.0,4399.0,1968.0,1231.0,7558.0,429.0,123.0,65.0,12.0,720.0,702.0,239.0,1659.0,777.0,223.0,112.0,24.0,1242.0,1465.0,352.0,3108.0,2060.0,604.0,276.0,138.0,3113.0,3962.0,1048.0,8139.0,8156.0,2167.0,1188.0,1002.0,12500.0,15121.0,4935.0,32575.0,0.0,0.0,0.0,0.0,0.0,0.0,0.0,3.0,11463.0,3177.0,1738.0,1186.0,17681.0,21268.0,6532.0,45491.0,0.0,0.0,0.0,0.0,0.0,0.0,0.0,0.0,0.0,0.0,0.0,0.0,0.0,0.0,0.0,0.0,0.0,0.0,0.0,0.0,0.0,0.0,0.0,0.0,16.0,3.0,3.0,0.0,45.0,57.0,19.0,125.0,16.0,3.0,3.0,0.0,45.0,57.0,19.0,125.0,18.0,5.0,0.0,0.0,36.0,59.0,24.0,136.0,14100.0,5109.0,2382.0,1350.0,23045.0,23638.0,8004.0,54747.0,54747.0
Melton,5308.0,10099.0,3819.0,234.0,19611.0,4375.0,567.0,24540.0,265.0,225.0,233.0,9.0,748.0,893.0,22.0,1662.0,37.0,58.0,45.0,0.0,155.0,86.0,8.0,258.0,293.0,266.0,297.0,13.0,886.0,987.0,39.0,1907.0,10.0,11.0,13.0,0.0,37.0,33.0,0.0,70.0,0.0,0.0,0.0,0.0,0.0,0.0,0.0,0.0,0.0,0.0,0.0,0.0,0.0,0.0,0.0,0.0,0.0,0.0,0.0,0.0,0.0,0.0,0.0,0.0,0.0,3.0,0.0,0.0,0.0,0.0,0.0,4.0,11.0,14.0,13.0,0.0,34.0,33.0,0.0,76.0,0.0,0.0,0.0,0.0,0.0,0.0,0.0,0.0,0.0,0.0,0.0,0.0,0.0,0.0,0.0,0.0,0.0,0.0,0.0,0.0,0.0,0.0,0.0,0.0,0.0,0.0,0.0,0.0,0.0,0.0,0.0,0.0,0.0,0.0,0.0,0.0,0.0,0.0,0.0,3.0,4.0,0.0,0.0,0.0,10.0,0.0,0.0,9.0,5628.0,10428.0,4185.0,263.0,20616.0,5393.0,624.0,26659.0,26659.0
Mildura,6785.0,6503.0,2699.0,195.0,16248.0,5638.0,658.0,22583.0,299.0,92.0,160.0,4.0,622.0,941.0,55.0,1665.0,17.0,9.0,0.0,0.0,30.0,28.0,3.0,90.0,321.0,110.0,166.0,4.0,663.0,966.0,63.0,1756.0,155.0,65.0,78.0,0.0,342.0,740.0,34.0,1158.0,4.0,0.0,0.0,0.0,5.0,14.0,0.0,19.0,0.0,0.0,0.0,0.0,0.0,0.0,0.0,0.0,0.0,0.0,0.0,0.0,0.0,0.0,0.0,0.0,0.0,0.0,0.0,0.0,0.0,0.0,0.0,0.0,156.0,65.0,78.0,0.0,347.0,764.0,34.0,1175.0,15.0,0.0,3.0,0.0,28.0,81.0,14.0,111.0,37.0,0.0,0.0,0.0,51.0,84.0,10.0,154.0,0.0,0.0,0.0,0.0,0.0,0.0,0.0,0.0,0.0,5.0,0.0,0.0,13.0,10.0,0.0,22.0,69.0,5.0,3.0,0.0,94.0,196.0,24.0,334.0,0.0,0.0,0.0,0.0,3.0,5.0,17.0,49.0,7436.0,6713.0,2998.0,256.0,17436.0,7620.0,821.0,25968.0,25968.0
Mill Park,4307.0,9019.0,2487.0,136.0,15966.0,2819.0,328.0,19144.0,392.0,471.0,146.0,15.0,1093.0,529.0,35.0,1796.0,226.0,361.0,177.0,15.0,858.0,327.0,33.0,1256.0,664.0,885.0,383.0,36.0,2014.0,878.0,74.0,3121.0,7.0,9.0,5.0,0.0,23.0,16.0,0.0,42.0,31.0,18.0,9.0,0.0,64.0,104.0,3.0,162.0,38.0,29.0,17.0,5.0,91.0,86.0,14.0,197.0,0.0,0.0,0.0,0.0,0.0,0.0,0.0,0.0,0.0,0.0,0.0,0.0,0.0,0.0,0.0,0.0,76.0,60.0,37.0,5.0,179.0,207.0,22.0,405.0,0.0,0.0,0.0,0.0,0.0,0.0,0.0,0.0,0.0,0.0,0.0,0.0,0.0,0.0,0.0,0.0,0.0,0.0,0.0,0.0,0.0,0.0,0.0,0.0,0.0,0.0,0.0,0.0,0.0,0.0,0.0,0.0,0.0,0.0,0.0,0.0,0.0,0.0,0.0,0.0,0.0,0.0,0.0,0.0,0.0,0.0,0.0,5.0,5066.0,10000.0,2934.0,216.0,18183.0,3970.0,509.0,22722.0,22722.0
Monbulk,6493.0,8832.0,2384.0,108.0,17730.0,4169.0,450.0,22405.0,105.0,33.0,48.0,0.0,191.0,343.0,10.0,540.0,13.0,12.0,10.0,0.0,34.0,74.0,3.0,109.0,117.0,49.0,54.0,0.0,249.0,399.0,13.0,658.0,17.0,3.0,14.0,0.0,32.0,74.0,0.0,126.0,3.0,0.0,0.0,0.0,9.0,21.0,0.0,32.0,0.0,0.0,0.0,0.0,0.0,0.0,0.0,0.0,0.0,0.0,0.0,0.0,0.0,0.0,0.0,0.0,0.0,0.0,0.0,0.0,0.0,0.0,0.0,4.0,20.0,8.0,13.0,0.0,45.0,98.0,0.0,156.0,0.0,0.0,0.0,0.0,0.0,4.0,0.0,4.0,0.0,0.0,0.0,0.0,0.0,0.0,0.0,0.0,0.0,0.0,0.0,0.0,0.0,0.0,0.0,0.0,6.0,0.0,0.0,0.0,10.0,8.0,0.0,20.0,6.0,0.0,0.0,0.0,10.0,12.0,0.0,20.0,0.0,0.0,0.0,0.0,0.0,0.0,0.0,0.0,6624.0,8883.0,2480.0,129.0,18096.0,4679.0,468.0,23309.0,23309.0
Mordialloc,3528.0,8351.0,1715.0,75.0,13710.0,2153.0,212.0,16132.0,775.0,616.0,309.0,10.0,1780.0,1323.0,57.0,3176.0,661.0,867.0,262.0,15.0,1886.0,482.0,47.0,2451.0,1442.0,1487.0,610.0,24.0,3644.0,1841.0,119.0,5663.0,864.0,530.0,381.0,6.0,1863.0,1847.0,84.0,3880.0,79.0,19.0,37.0,0.0,142.0,206.0,3.0,343.0,12.0,0.0,7.0,0.0,24.0,34.0,3.0,64.0,0.0,0.0,0.0,0.0,0.0,0.0,0.0,0.0,0.0,0.0,0.0,0.0,0.0,0.0,0.0,0.0,958.0,559.0,420.0,6.0,2046.0,2109.0,103.0,4293.0,0.0,0.0,0.0,0.0,0.0,0.0,0.0,0.0,0.0,0.0,0.0,0.0,0.0,0.0,0.0,0.0,0.0,0.0,0.0,0.0,0.0,0.0,0.0,0.0,0.0,4.0,5.0,0.0,0.0,27.0,0.0,33.0,0.0,4.0,5.0,0.0,0.0,27.0,0.0,33.0,0.0,0.0,0.0,0.0,5.0,4.0,0.0,9.0,5974.0,10417.0,2837.0,162.0,19512.0,6092.0,520.0,26084.0,26084.0
Mornington,6082.0,7806.0,1886.0,65.0,15989.0,3880.0,216.0,20067.0,493.0,82.0,120.0,6.0,732.0,917.0,12.0,1691.0,348.0,128.0,89.0,0.0,559.0,217.0,10.0,827.0,832.0,208.0,212.0,6.0,1294.0,1107.0,25.0,2494.0,283.0,73.0,103.0,4.0,533.0,712.0,13.0,1253.0,15.0,0.0,0.0,0.0,17.0,44.0,0.0,71.0,27.0,0.0,0.0,0.0,27.0,17.0,0.0,40.0,0.0,0.0,0.0,0.0,0.0,0.0,0.0,0.0,0.0,0.0,0.0,0.0,0.0,4.0,0.0,4.0,334.0,75.0,107.0,4.0,577.0,788.0,18.0,1375.0,0.0,0.0,0.0,0.0,0.0,0.0,0.0,3.0,30.0,0.0,4.0,0.0,31.0,87.0,0.0,118.0,0.0,0.0,0.0,0.0,0.0,0.0,0.0,0.0,0.0,0.0,0.0,0.0,0.0,0.0,0.0,0.0,29.0,0.0,4.0,0.0,29.0,91.0,0.0,127.0,0.0,0.0,0.0,0.0,0.0,6.0,0.0,6.0,7333.0,8132.0,2280.0,88.0,17922.0,5917.0,298.0,24138.0,24138.0
Morwell,7051.0,6621.0,3446.0,175.0,17427.0,6822.0,674.0,24981.0,207.0,21.0,84.0,3.0,359.0,1138.0,18.0,1596.0,22.0,0.0,25.0,0.0,53.0,54.0,3.0,139.0,222.0,21.0,119.0,3.0,434.0,1214.0,31.0,1738.0,204.0,57.0,137.0,13.0,423.0,1176.0,29.0,1694.0,0.0,0.0,0.0,0.0,0.0,0.0,0.0,0.0,0.0,0.0,0.0,0.0,0.0,0.0,0.0,0.0,0.0,0.0,0.0,0.0,0.0,0.0,0.0,0.0,0.0,0.0,0.0,0.0,0.0,0.0,0.0,0.0,204.0,57.0,139.0,13.0,423.0,1177.0,29.0,1699.0,0.0,0.0,0.0,0.0,7.0,24.0,4.0,34.0,21.0,3.0,4.0,0.0,23.0,36.0,0.0,67.0,0.0,0.0,0.0,0.0,5.0,7.0,0.0,16.0,0.0,0.0,0.0,0.0,0.0,0.0,0.0,0.0,30.0,5.0,4.0,0.0,34.0,64.0,7.0,107.0,0.0,0.0,0.0,0.0,0.0,4.0,0.0,18.0,7573.0,6753.0,3745.0,213.0,18431.0,9341.0,781.0,28561.0,28561.0
Mulgrave,4998.0,7846.0,2588.0,360.0,15876.0,3474.0,754.0,20116.0,515.0,522.0,197.0,18.0,1312.0,783.0,68.0,2263.0,349.0,544.0,143.0,11.0,1044.0,205.0,70.0,1446.0,888.0,1072.0,378.0,46.0,2397.0,1027.0,194.0,3732.0,347.0,311.0,143.0,18.0,904.0,949.0,92.0,1965.0,81.0,17.0,10.0,0.0,128.0,112.0,3.0,240.0,130.0,10.0,13.0,0.0,149.0,182.0,4.0,341.0,0.0,0.0,0.0,0.0,0.0,0.0,0.0,0.0,0.0,0.0,0.0,0.0,0.0,11.0,0.0,19.0,551.0,333.0,160.0,22.0,1193.0,1273.0,94.0,2581.0,0.0,0.0,0.0,0.0,0.0,22.0,0.0,20.0,3.0,0.0,3.0,0.0,7.0,57.0,0.0,72.0,0.0,0.0,0.0,0.0,0.0,0.0,0.0,0.0,0.0,0.0,0.0,0.0,0.0,7.0,0.0,10.0,3.0,0.0,3.0,0.0,13.0,86.0,0.0,103.0,0.0,0.0,0.0,0.0,0.0,0.0,0.0,12.0,6441.0,9334.0,3159.0,502.0,19440.0,5870.0,1145.0,26512.0,26512.0
Murray Plains,7423.0,6148.0,2396.0,130.0,16150.0,5865.0,488.0,22616.0,279.0,67.0,115.0,0.0,517.0,1174.0,49.0,1764.0,5.0,0.0,0.0,0.0,5.0,14.0,0.0,24.0,288.0,69.0,116.0,0.0,524.0,1185.0,51.0,1791.0,68.0,31.0,20.0,0.0,110.0,226.0,11.0,361.0,0.0,0.0,0.0,0.0,3.0,3.0,0.0,7.0,0.0,0.0,0.0,0.0,0.0,0.0,0.0,0.0,0.0,0.0,0.0,0.0,0.0,0.0,0.0,0.0,0.0,0.0,0.0,0.0,0.0,0.0,0.0,0.0,69.0,31.0,21.0,0.0,115.0,234.0,11.0,367.0,14.0,0.0,0.0,0.0,17.0,57.0,0.0,89.0,46.0,3.0,0.0,0.0,45.0,87.0,5.0,161.0,3.0,0.0,0.0,0.0,3.0,0.0,0.0,3.0,3.0,0.0,0.0,0.0,11.0,9.0,0.0,23.0,77.0,0.0,5.0,0.0,95.0,168.0,5.0,311.0,8.0,0.0,0.0,0.0,18.0,4.0,0.0,27.0,7879.0,6274.0,2642.0,141.0,16971.0,7474.0,619.0,25102.0,25102.0
Narracan,7335.0,7614.0,2484.0,131.0,17593.0,4914.0,386.0,22942.0,140.0,31.0,83.0,3.0,324.0,578.0,10.0,905.0,6.0,5.0,4.0,0.0,12.0,36.0,0.0,52.0,149.0,36.0,87.0,3.0,338.0,614.0,10.0,970.0,96.0,17.0,36.0,0.0,183.0,403.0,3.0,624.0,0.0,0.0,0.0,0.0,0.0,0.0,0.0,0.0,0.0,0.0,0.0,0.0,0.0,0.0,0.0,0.0,0.0,0.0,0.0,0.0,0.0,0.0,0.0,0.0,0.0,0.0,0.0,0.0,0.0,3.0,0.0,3.0,96.0,17.0,36.0,0.0,183.0,406.0,3.0,627.0,4.0,0.0,0.0,0.0,4.0,5.0,0.0,8.0,81.0,0.0,6.0,0.0,96.0,178.0,3.0,277.0,0.0,0.0,0.0,0.0,0.0,0.0,0.0,0.0,0.0,0.0,0.0,0.0,0.0,0.0,0.0,6.0,85.0,0.0,6.0,0.0,104.0,184.0,3.0,293.0,0.0,3.0,0.0,0.0,3.0,3.0,0.0,6.0,7737.0,7702.0,2616.0,148.0,18269.0,6168.0,430.0,24893.0,24893.0
Narre Warren North,5576.0,9878.0,2791.0,231.0,18515.0,3558.0,509.0,22715.0,335.0,426.0,127.0,5.0,999.0,451.0,10.0,1463.0,197.0,370.0,133.0,6.0,763.0,168.0,23.0,964.0,583.0,835.0,246.0,17.0,1740.0,625.0,47.0,2415.0,46.0,32.0,35.0,4.0,121.0,117.0,4.0,245.0,3.0,0.0,0.0,0.0,12.0,9.0,0.0,21.0,0.0,0.0,0.0,0.0,0.0,0.0,0.0,0.0,0.0,0.0,0.0,0.0,0.0,0.0,0.0,0.0,5.0,0.0,0.0,0.0,5.0,0.0,0.0,5.0,54.0,32.0,38.0,4.0,134.0,126.0,4.0,273.0,0.0,0.0,0.0,0.0,0.0,0.0,0.0,0.0,4.0,4.0,7.0,0.0,16.0,75.0,0.0,89.0,0.0,0.0,0.0,0.0,0.0,0.0,0.0,0.0,0.0,0.0,0.0,0.0,0.0,0.0,0.0,0.0,4.0,4.0,7.0,0.0,16.0,75.0,0.0,89.0,0.0,1.0,0.0,0.0,0.0,0.0,0.0,9.0,6230.0,10746.0,3181.0,256.0,20401.0,4422.0,587.0,25583.0,25583.0
Narre Warren South,4499.0,12857.0,3346.0,228.0,20956.0,2965.0,474.0,24516.0,156.0,425.0,127.0,5.0,740.0,249.0,13.0,1049.0,80.0,233.0,66.0,5.0,410.0,73.0,7.0,484.0,239.0,627.0,209.0,18.0,1155.0,331.0,26.0,1539.0,16.0,30.0,6.0,0.0,60.0,22.0,5.0,82.0,0.0,4.0,7.0,0.0,7.0,18.0,0.0,28.0,0.0,0.0,0.0,0.0,0.0,0.0,0.0,0.0,0.0,0.0,0.0,0.0,0.0,0.0,0.0,0.0,0.0,0.0,0.0,0.0,0.0,0.0,0.0,4.0,16.0,33.0,13.0,0.0,65.0,43.0,5.0,115.0,0.0,0.0,0.0,0.0,0.0,0.0,0.0,0.0,0.0,0.0,0.0,0.0,0.0,0.0,0.0,0.0,0.0,0.0,0.0,0.0,0.0,0.0,0.0,0.0,0.0,0.0,0.0,0.0,0.0,0.0,0.0,0.0,0.0,0.0,0.0,0.0,0.0,0.0,0.0,0.0,0.0,0.0,0.0,0.0,0.0,0.0,0.0,0.0,4853.0,13506.0,3596.0,251.0,22239.0,3361.0,532.0,26214.0,26214.0
Nepean,7815.0,5181.0,2302.0,138.0,15438.0,6319.0,473.0,22253.0,431.0,52.0,89.0,0.0,597.0,843.0,6.0,1473.0,215.0,93.0,89.0,0.0,411.0,157.0,18.0,640.0,650.0,168.0,174.0,0.0,1035.0,1026.0,25.0,2124.0,85.0,18.0,27.0,0.0,145.0,179.0,0.0,335.0,22.0,0.0,3.0,0.0,31.0,21.0,0.0,62.0,0.0,0.0,0.0,0.0,0.0,0.0,0.0,0.0,0.0,0.0,0.0,0.0,0.0,0.0,0.0,0.0,0.0,0.0,0.0,0.0,0.0,0.0,0.0,0.0,113.0,20.0,33.0,0.0,183.0,208.0,0.0,383.0,0.0,0.0,0.0,0.0,3.0,25.0,0.0,30.0,24.0,0.0,10.0,0.0,39.0,136.0,4.0,182.0,0.0,0.0,0.0,0.0,0.0,0.0,0.0,0.0,0.0,0.0,0.0,0.0,0.0,10.0,0.0,27.0,27.0,0.0,10.0,0.0,49.0,176.0,4.0,244.0,0.0,0.0,0.0,0.0,0.0,8.0,0.0,12.0,8646.0,5338.0,2599.0,166.0,16748.0,7734.0,543.0,25098.0,25098.0
Niddrie,4892.0,7725.0,2178.0,151.0,15119.0,3561.0,322.0,18971.0,509.0,390.0,221.0,13.0,1153.0,1094.0,21.0,2390.0,764.0,1126.0,381.0,15.0,2346.0,672.0,60.0,3184.0,1323.0,1502.0,648.0,34.0,3568.0,1795.0,108.0,5576.0,153.0,102.0,61.0,10.0,366.0,298.0,3.0,690.0,13.0,5.0,0.0,0.0,24.0,52.0,0.0,69.0,15.0,0.0,4.0,0.0,17.0,44.0,0.0,57.0,0.0,0.0,0.0,0.0,0.0,0.0,0.0,0.0,0.0,0.0,0.0,0.0,0.0,6.0,0.0,6.0,187.0,117.0,65.0,10.0,404.0,387.0,3.0,839.0,0.0,0.0,0.0,0.0,0.0,0.0,0.0,0.0,0.0,0.0,0.0,0.0,0.0,0.0,0.0,0.0,0.0,0.0,0.0,0.0,0.0,0.0,0.0,0.0,0.0,3.0,3.0,0.0,16.0,25.0,0.0,38.0,0.0,3.0,3.0,0.0,16.0,25.0,0.0,38.0,0.0,0.0,0.0,0.0,0.0,0.0,0.0,0.0,6450.0,9377.0,2919.0,248.0,19111.0,5845.0,524.0,25477.0,25477.0
Northcote,3233.0,5507.0,1324.0,130.0,10180.0,2606.0,1026.0,13767.0,809.0,657.0,221.0,26.0,1783.0,921.0,262.0,2964.0,1073.0,800.0,292.0,16.0,2194.0,1153.0,316.0,3765.0,1903.0,1520.0,527.0,38.0,3958.0,2089.0,668.0,6743.0,659.0,160.0,135.0,16.0,1018.0,2282.0,169.0,3567.0,193.0,31.0,23.0,6.0,307.0,539.0,49.0,897.0,679.0,172.0,99.0,13.0,978.0,1188.0,131.0,2356.0,46.0,3.0,7.0,4.0,49.0,187.0,15.0,264.0,0.0,0.0,0.0,0.0,0.0,0.0,0.0,3.0,1598.0,393.0,288.0,42.0,2373.0,4197.0,383.0,7073.0,0.0,0.0,0.0,0.0,0.0,0.0,0.0,0.0,0.0,0.0,0.0,0.0,0.0,0.0,0.0,0.0,0.0,0.0,0.0,0.0,0.0,0.0,0.0,0.0,38.0,20.0,7.0,0.0,86.0,29.0,12.0,161.0,38.0,20.0,7.0,0.0,86.0,29.0,12.0,161.0,0.0,0.0,0.0,0.0,0.0,0.0,0.0,8.0,6771.0,7395.0,2235.0,298.0,16672.0,8919.0,2103.0,27780.0,27780.0
Oakleigh,3942.0,6456.0,1715.0,226.0,12408.0,3000.0,1062.0,16519.0,1293.0,1200.0,380.0,53.0,3016.0,1700.0,400.0,5206.0,911.0,1081.0,276.0,46.0,2452.0,629.0,606.0,3770.0,2215.0,2297.0,703.0,127.0,5508.0,2389.0,1013.0,9003.0,1022.0,531.0,188.0,23.0,1810.0,2299.0,286.0,4510.0,349.0,98.0,44.0,34.0,543.0,484.0,92.0,1100.0,771.0,214.0,136.0,71.0,1207.0,1147.0,291.0,2628.0,96.0,20.0,22.0,14.0,149.0,147.0,94.0,383.0,0.0,0.0,0.0,0.0,0.0,0.0,0.0,4.0,2227.0,881.0,374.0,161.0,3742.0,4047.0,783.0,8617.0,0.0,0.0,0.0,0.0,0.0,0.0,0.0,0.0,0.0,0.0,0.0,0.0,0.0,0.0,0.0,0.0,0.0,0.0,0.0,0.0,0.0,0.0,0.0,0.0,4.0,0.0,0.0,0.0,10.0,4.0,6.0,18.0,4.0,0.0,0.0,0.0,10.0,4.0,6.0,18.0,0.0,0.0,0.0,0.0,11.0,0.0,0.0,11.0,8490.0,9658.0,2886.0,630.0,21681.0,9516.0,2937.0,34198.0,34198.0
Ovens Valley,7717.0,5846.0,2294.0,116.0,16020.0,5955.0,522.0,22459.0,276.0,59.0,100.0,3.0,566.0,1327.0,28.0,1904.0,26.0,10.0,0.0,0.0,50.0,48.0,3.0,107.0,305.0,71.0,113.0,3.0,598.0,1373.0,25.0,2014.0,11.0,3.0,4.0,0.0,32.0,37.0,0.0,75.0,3.0,0.0,0.0,0.0,3.0,4.0,0.0,11.0,0.0,0.0,0.0,0.0,6.0,7.0,0.0,6.0,0.0,0.0,3.0,0.0,3.0,0.0,0.0,6.0,0.0,0.0,0.0,0.0,4.0,0.0,0.0,4.0,14.0,4.0,7.0,0.0,50.0,40.0,0.0,100.0,13.0,0.0,0.0,0.0,24.0,46.0,0.0,86.0,16.0,0.0,0.0,0.0,26.0,55.0,7.0,87.0,0.0,0.0,0.0,0.0,0.0,0.0,0.0,0.0,0.0,3.0,0.0,0.0,4.0,4.0,0.0,15.0,49.0,6.0,0.0,0.0,70.0,105.0,7.0,184.0,3.0,0.0,0.0,0.0,6.0,6.0,0.0,12.0,8115.0,5992.0,2472.0,134.0,16827.0,7497.0,572.0,24857.0,24857.0
Pakenham,5242.0,9766.0,3258.0,194.0,18449.0,3863.0,580.0,22903.0,582.0,165.0,142.0,16.0,988.0,967.0,18.0,2016.0,214.0,132.0,127.0,4.0,477.0,210.0,36.0,753.0,798.0,303.0,260.0,20.0,1482.0,1194.0,50.0,2775.0,17.0,10.0,3.0,0.0,34.0,50.0,0.0,83.0,0.0,0.0,0.0,0.0,4.0,7.0,0.0,16.0,0.0,0.0,0.0,0.0,0.0,0.0,0.0,0.0,0.0,0.0,0.0,0.0,0.0,0.0,0.0,0.0,0.0,0.0,0.0,0.0,0.0,0.0,0.0,0.0,17.0,10.0,3.0,3.0,39.0,62.0,0.0,101.0,0.0,0.0,0.0,0.0,0.0,3.0,0.0,0.0,4.0,0.0,0.0,0.0,7.0,39.0,0.0,43.0,0.0,0.0,0.0,0.0,0.0,0.0,0.0,0.0,0.0,0.0,0.0,0.0,0.0,0.0,0.0,0.0,3.0,0.0,0.0,0.0,4.0,43.0,0.0,48.0,0.0,4.0,0.0,0.0,9.0,3.0,0.0,4.0,6091.0,10120.0,3567.0,226.0,20012.0,5172.0,636.0,25841.0,25841.0
Pascoe Vale,3728.0,6344.0,1637.0,175.0,11932.0,3076.0,977.0,15987.0,643.0,470.0,246.0,15.0,1473.0,1244.0,144.0,2915.0,1334.0,1096.0,401.0,52.0,3019.0,1141.0,370.0,4593.0,2050.0,1568.0,669.0,102.0,4497.0,2411.0,538.0,7490.0,237.0,108.0,79.0,9.0,521.0,834.0,88.0,1418.0,113.0,29.0,39.0,3.0,185.0,299.0,50.0,559.0,256.0,68.0,64.0,26.0,414.0,652.0,87.0,1160.0,39.0,25.0,0.0,3.0,78.0,95.0,12.0,181.0,0.0,3.0,0.0,0.0,3.0,3.0,0.0,4.0,661.0,243.0,169.0,46.0,1205.0,1874.0,238.0,3293.0,0.0,0.0,0.0,0.0,0.0,0.0,0.0,0.0,0.0,0.0,0.0,0.0,0.0,0.0,0.0,0.0,0.0,0.0,0.0,0.0,0.0,0.0,0.0,0.0,8.0,0.0,0.0,0.0,17.0,8.0,0.0,41.0,8.0,0.0,0.0,0.0,17.0,8.0,0.0,40.0,0.0,0.0,0.0,0.0,0.0,7.0,0.0,8.0,6467.0,8197.0,2536.0,388.0,17636.0,7420.0,1789.0,26910.0,26910.0
Point Cook,5206.0,13462.0,2909.0,191.0,21882.0,3526.0,584.0,26119.0,277.0,489.0,93.0,0.0,919.0,354.0,17.0,1410.0,307.0,416.0,162.0,0.0,930.0,248.0,25.0,1299.0,599.0,938.0,278.0,3.0,1892.0,628.0,53.0,2680.0,211.0,111.0,69.0,4.0,388.0,323.0,6.0,771.0,0.0,0.0,0.0,0.0,0.0,0.0,0.0,0.0,89.0,18.0,15.0,0.0,121.0,204.0,14.0,325.0,0.0,0.0,0.0,0.0,0.0,0.0,0.0,0.0,0.0,0.0,0.0,0.0,0.0,0.0,0.0,0.0,296.0,132.0,84.0,4.0,511.0,525.0,20.0,1101.0,11.0,0.0,0.0,0.0,10.0,19.0,0.0,24.0,0.0,0.0,0.0,0.0,0.0,0.0,0.0,0.0,0.0,0.0,0.0,0.0,0.0,0.0,0.0,0.0,0.0,0.0,0.0,0.0,0.0,0.0,0.0,0.0,10.0,0.0,0.0,0.0,12.0,19.0,0.0,27.0,0.0,0.0,0.0,0.0,0.0,0.0,0.0,10.0,6145.0,14569.0,3411.0,222.0,24390.0,4722.0,773.0,29916.0,29916.0
Polwarth,7844.0,7578.0,2068.0,157.0,17671.0,5990.0,654.0,24370.0,132.0,23.0,68.0,0.0,318.0,779.0,16.0,1123.0,105.0,76.0,50.0,0.0,248.0,143.0,18.0,448.0,262.0,105.0,133.0,0.0,584.0,922.0,44.0,1561.0,15.0,0.0,4.0,0.0,17.0,38.0,0.0,72.0,8.0,0.0,0.0,0.0,6.0,17.0,0.0,31.0,4.0,0.0,0.0,0.0,4.0,10.0,0.0,11.0,0.0,0.0,0.0,0.0,0.0,0.0,0.0,0.0,0.0,0.0,0.0,0.0,0.0,0.0,0.0,0.0,24.0,0.0,4.0,0.0,36.0,69.0,3.0,121.0,3.0,3.0,0.0,0.0,9.0,19.0,0.0,33.0,0.0,0.0,0.0,0.0,7.0,24.0,3.0,41.0,6.0,0.0,0.0,0.0,6.0,6.0,0.0,8.0,0.0,3.0,0.0,0.0,10.0,4.0,0.0,25.0,25.0,6.0,0.0,0.0,42.0,63.0,0.0,117.0,0.0,4.0,0.0,0.0,8.0,11.0,0.0,30.0,8213.0,7743.0,2247.0,168.0,18449.0,7086.0,765.0,26271.0,26271.0
Prahran,848.0,887.0,227.0,13.0,1995.0,692.0,228.0,3019.0,812.0,487.0,153.0,22.0,1563.0,766.0,342.0,2652.0,655.0,396.0,148.0,10.0,1264.0,565.0,208.0,2006.0,1430.0,1008.0,302.0,42.0,2785.0,1301.0,568.0,4674.0,759.0,232.0,102.0,29.0,1202.0,1418.0,309.0,2897.0,1908.0,387.0,177.0,82.0,2719.0,4369.0,810.0,7915.0,1476.0,257.0,186.0,60.0,2099.0,3383.0,448.0,5958.0,3701.0,924.0,537.0,192.0,5392.0,6389.0,855.0,12667.0,3.0,0.0,0.0,0.0,4.0,7.0,0.0,14.0,7980.0,1911.0,1090.0,372.0,11460.0,15530.0,2492.0,29444.0,0.0,0.0,0.0,0.0,0.0,0.0,0.0,0.0,0.0,0.0,0.0,0.0,0.0,0.0,0.0,0.0,0.0,0.0,0.0,0.0,0.0,0.0,0.0,0.0,38.0,8.0,0.0,0.0,51.0,42.0,9.0,126.0,38.0,8.0,0.0,0.0,51.0,42.0,9.0,126.0,3.0,0.0,0.0,0.0,10.0,9.0,0.0,27.0,10308.0,3736.0,1670.0,507.0,16325.0,17698.0,3348.0,37345.0,37345.0
Preston,4418.0,6049.0,2140.0,324.0,12951.0,4115.0,1062.0,18095.0,1084.0,758.0,464.0,67.0,2549.0,2492.0,296.0,5399.0,1139.0,785.0,329.0,61.0,2367.0,985.0,228.0,3669.0,2216.0,1655.0,838.0,149.0,4909.0,3522.0,618.0,9077.0,163.0,75.0,69.0,11.0,358.0,523.0,53.0,1004.0,73.0,35.0,14.0,3.0,135.0,190.0,29.0,362.0,110.0,47.0,45.0,13.0,204.0,264.0,36.0,514.0,19.0,11.0,4.0,3.0,44.0,48.0,11.0,103.0,0.0,0.0,0.0,0.0,0.0,0.0,0.0,0.0,366.0,171.0,146.0,37.0,788.0,1036.0,142.0,1975.0,0.0,0.0,0.0,0.0,0.0,0.0,0.0,0.0,0.0,0.0,0.0,0.0,0.0,0.0,0.0,0.0,0.0,0.0,0.0,0.0,0.0,0.0,0.0,0.0,17.0,6.0,12.0,0.0,70.0,57.0,15.0,159.0,17.0,6.0,12.0,0.0,70.0,57.0,15.0,159.0,0.0,0.0,0.0,0.0,3.0,0.0,0.0,7.0,7036.0,7901.0,3192.0,560.0,18713.0,8820.0,1873.0,29346.0,29346.0
Richmond,1077.0,1079.0,291.0,30.0,2552.0,700.0,476.0,3718.0,1543.0,999.0,247.0,58.0,2954.0,1331.0,793.0,5026.0,1493.0,1011.0,281.0,43.0,2960.0,1178.0,857.0,4980.0,3074.0,2004.0,624.0,126.0,5847.0,2513.0,1606.0,10022.0,499.0,112.0,28.0,4.0,733.0,1082.0,197.0,2059.0,820.0,178.0,153.0,25.0,1282.0,1870.0,259.0,3483.0,1868.0,363.0,167.0,70.0,2508.0,2959.0,490.0,5945.0,1335.0,481.0,608.0,111.0,2565.0,2616.0,353.0,5523.0,0.0,4.0,0.0,0.0,8.0,6.0,8.0,15.0,4544.0,1203.0,1029.0,231.0,7070.0,8536.0,1387.0,17029.0,0.0,0.0,0.0,0.0,0.0,0.0,0.0,0.0,0.0,0.0,0.0,0.0,0.0,0.0,0.0,0.0,0.0,0.0,0.0,0.0,0.0,0.0,0.0,0.0,66.0,15.0,3.0,0.0,115.0,72.0,32.0,246.0,66.0,15.0,3.0,0.0,115.0,72.0,32.0,246.0,1.0,0.0,0.0,0.0,1.0,15.0,0.0,20.0,8879.0,4375.0,1936.0,504.0,15611.0,11911.0,3524.0,31081.0,31081.0
Ringwood,5622.0,8937.0,2294.0,169.0,17162.0,5059.0,707.0,22907.0,900.0,714.0,367.0,20.0,2114.0,1765.0,140.0,4086.0,381.0,521.0,169.0,0.0,1218.0,360.0,65.0,1680.0,1280.0,1326.0,583.0,39.0,3310.0,2196.0,219.0,5779.0,39.0,32.0,12.0,0.0,115.0,98.0,17.0,240.0,135.0,37.0,34.0,4.0,220.0,218.0,16.0,446.0,223.0,78.0,73.0,3.0,378.0,449.0,34.0,876.0,22.0,4.0,5.0,0.0,27.0,40.0,0.0,74.0,0.0,0.0,0.0,0.0,3.0,4.0,0.0,17.0,420.0,157.0,127.0,18.0,760.0,809.0,62.0,1656.0,0.0,0.0,0.0,0.0,0.0,0.0,0.0,0.0,0.0,0.0,0.0,0.0,0.0,0.0,0.0,0.0,0.0,0.0,0.0,0.0,0.0,0.0,0.0,0.0,0.0,0.0,0.0,0.0,0.0,0.0,0.0,6.0,0.0,0.0,0.0,0.0,0.0,0.0,0.0,6.0,0.0,0.0,0.0,0.0,0.0,9.0,0.0,9.0,7390.0,10458.0,3040.0,279.0,21231.0,8118.0,1075.0,30367.0,30367.0
Ripon,7920.0,6810.0,2615.0,139.0,17509.0,6957.0,582.0,25133.0,94.0,21.0,40.0,0.0,210.0,611.0,3.0,847.0,0.0,0.0,5.0,0.0,10.0,35.0,0.0,59.0,103.0,19.0,52.0,4.0,239.0,632.0,7.0,903.0,17.0,0.0,9.0,0.0,34.0,124.0,0.0,165.0,0.0,0.0,0.0,0.0,0.0,5.0,0.0,6.0,0.0,0.0,0.0,0.0,0.0,0.0,0.0,0.0,0.0,0.0,0.0,0.0,0.0,0.0,0.0,0.0,0.0,0.0,0.0,0.0,0.0,0.0,0.0,0.0,17.0,0.0,9.0,0.0,34.0,135.0,0.0,171.0,12.0,3.0,6.0,0.0,20.0,86.0,0.0,124.0,21.0,0.0,0.0,0.0,27.0,41.0,0.0,72.0,0.0,0.0,0.0,0.0,0.0,0.0,0.0,0.0,16.0,4.0,9.0,0.0,45.0,24.0,0.0,81.0,63.0,10.0,19.0,0.0,93.0,176.0,0.0,305.0,5.0,0.0,0.0,0.0,5.0,8.0,0.0,23.0,8188.0,6888.0,2690.0,155.0,17967.0,7941.0,615.0,26559.0,26559.0
Rowville,5480.0,10302.0,2262.0,155.0,18205.0,2682.0,323.0,21301.0,514.0,143.0,44.0,0.0,747.0,903.0,12.0,1657.0,183.0,332.0,117.0,0.0,683.0,209.0,14.0,920.0,722.0,482.0,174.0,3.0,1430.0,1115.0,24.0,2571.0,0.0,3.0,4.0,0.0,3.0,33.0,0.0,43.0,11.0,4.0,3.0,0.0,19.0,31.0,5.0,51.0,25.0,13.0,18.0,5.0,70.0,92.0,4.0,162.0,40.0,6.0,20.0,0.0,63.0,102.0,5.0,170.0,0.0,0.0,0.0,0.0,0.0,0.0,0.0,6.0,72.0,29.0,49.0,5.0,160.0,256.0,14.0,433.0,0.0,0.0,0.0,0.0,0.0,0.0,0.0,0.0,0.0,0.0,0.0,0.0,0.0,0.0,0.0,0.0,0.0,0.0,0.0,0.0,0.0,0.0,0.0,0.0,0.0,0.0,0.0,0.0,0.0,0.0,0.0,0.0,0.0,0.0,0.0,0.0,0.0,0.0,0.0,0.0,0.0,3.0,0.0,0.0,3.0,0.0,0.0,3.0,6249.0,10825.0,2485.0,177.0,19863.0,4071.0,384.0,24388.0,24388.0
Sandringham,3683.0,6387.0,1129.0,41.0,11379.0,2259.0,121.0,13779.0,967.0,548.0,350.0,10.0,1975.0,1786.0,53.0,3844.0,890.0,823.0,216.0,6.0,2024.0,559.0,19.0,2566.0,1838.0,1389.0,640.0,20.0,3942.0,2341.0,106.0,6413.0,385.0,141.0,131.0,3.0,708.0,895.0,41.0,1703.0,298.0,60.0,70.0,6.0,452.0,446.0,39.0,904.0,352.0,113.0,105.0,3.0,577.0,742.0,43.0,1380.0,118.0,27.0,43.0,0.0,197.0,218.0,7.0,429.0,0.0,0.0,6.0,0.0,3.0,3.0,0.0,6.0,1160.0,365.0,371.0,24.0,1946.0,2332.0,134.0,4459.0,0.0,0.0,0.0,0.0,0.0,0.0,0.0,0.0,0.0,0.0,0.0,0.0,0.0,0.0,0.0,0.0,0.0,0.0,0.0,0.0,0.0,0.0,0.0,0.0,42.0,15.0,22.0,0.0,80.0,74.0,0.0,181.0,42.0,15.0,22.0,0.0,80.0,74.0,0.0,181.0,0.0,0.0,0.0,0.0,3.0,0.0,0.0,3.0,6792.0,8219.0,2221.0,116.0,17359.0,7038.0,457.0,24859.0,24859.0
Shepparton,6881.0,7466.0,3032.0,169.0,17636.0,5865.0,708.0,24228.0,371.0,167.0,161.0,14.0,821.0,1443.0,60.0,2320.0,28.0,13.0,3.0,0.0,52.0,30.0,3.0,110.0,406.0,171.0,171.0,14.0,870.0,1483.0,64.0,2422.0,14.0,3.0,3.0,0.0,7.0,41.0,0.0,56.0,0.0,0.0,0.0,0.0,0.0,16.0,0.0,13.0,0.0,0.0,0.0,0.0,0.0,0.0,0.0,4.0,0.0,0.0,0.0,0.0,0.0,0.0,0.0,0.0,0.0,0.0,0.0,0.0,0.0,0.0,0.0,0.0,14.0,3.0,3.0,0.0,7.0,57.0,0.0,75.0,34.0,0.0,5.0,0.0,48.0,139.0,5.0,200.0,11.0,0.0,3.0,0.0,14.0,58.0,0.0,79.0,0.0,0.0,0.0,0.0,0.0,4.0,0.0,4.0,51.0,0.0,0.0,0.0,66.0,136.0,0.0,206.0,102.0,4.0,10.0,0.0,141.0,361.0,5.0,513.0,3.0,3.0,0.0,0.0,11.0,7.0,0.0,22.0,7463.0,7690.0,3282.0,210.0,18669.0,7816.0,788.0,27320.0,27320.0
South Barwon,6580.0,8738.0,2306.0,170.0,17932.0,4281.0,1088.0,23276.0,449.0,213.0,151.0,0.0,839.0,1302.0,36.0,2209.0,70.0,41.0,47.0,0.0,163.0,148.0,9.0,363.0,555.0,244.0,200.0,0.0,1055.0,1477.0,42.0,2597.0,7.0,0.0,0.0,0.0,12.0,18.0,6.0,47.0,5.0,0.0,0.0,0.0,5.0,13.0,0.0,13.0,0.0,0.0,0.0,0.0,0.0,0.0,0.0,0.0,0.0,0.0,0.0,0.0,0.0,0.0,0.0,0.0,0.0,0.0,0.0,0.0,0.0,4.0,0.0,4.0,12.0,0.0,0.0,0.0,17.0,35.0,6.0,64.0,6.0,0.0,0.0,0.0,6.0,13.0,0.0,18.0,0.0,0.0,0.0,0.0,0.0,3.0,0.0,9.0,0.0,0.0,0.0,0.0,0.0,0.0,0.0,0.0,0.0,0.0,0.0,0.0,0.0,0.0,0.0,0.0,6.0,4.0,0.0,0.0,8.0,13.0,0.0,29.0,0.0,4.0,0.0,0.0,4.0,0.0,0.0,12.0,7201.0,9024.0,2567.0,204.0,19007.0,5857.0,1188.0,26029.0,26029.0
South-West Coast,7645.0,6974.0,2575.0,184.0,17443.0,5979.0,621.0,24151.0,293.0,64.0,136.0,4.0,582.0,1179.0,45.0,1817.0,108.0,39.0,40.0,0.0,179.0,168.0,0.0,413.0,385.0,130.0,159.0,7.0,819.0,1382.0,40.0,2243.0,80.0,14.0,35.0,0.0,170.0,411.0,13.0,624.0,15.0,0.0,3.0,0.0,20.0,36.0,0.0,58.0,0.0,0.0,0.0,0.0,0.0,0.0,0.0,0.0,0.0,0.0,0.0,0.0,0.0,0.0,0.0,0.0,0.0,0.0,0.0,0.0,0.0,0.0,0.0,0.0,95.0,17.0,38.0,0.0,187.0,445.0,13.0,680.0,8.0,0.0,0.0,0.0,17.0,22.0,0.0,35.0,16.0,0.0,8.0,0.0,29.0,57.0,4.0,90.0,0.0,0.0,0.0,0.0,0.0,0.0,0.0,0.0,12.0,6.0,0.0,0.0,31.0,0.0,0.0,42.0,36.0,6.0,8.0,0.0,76.0,91.0,4.0,172.0,0.0,0.0,0.0,0.0,8.0,6.0,0.0,21.0,8245.0,7179.0,2882.0,206.0,18623.0,7927.0,712.0,27297.0,27297.0
St Albans,4089.0,7050.0,3258.0,344.0,14791.0,3546.0,710.0,19092.0,260.0,386.0,237.0,10.0,1023.0,501.0,52.0,1714.0,327.0,511.0,238.0,24.0,1162.0,311.0,94.0,1595.0,651.0,931.0,535.0,44.0,2226.0,851.0,176.0,3243.0,229.0,272.0,145.0,34.0,699.0,463.0,51.0,1238.0,6.0,0.0,5.0,0.0,6.0,19.0,0.0,31.0,32.0,5.0,4.0,3.0,50.0,68.0,5.0,119.0,0.0,0.0,0.0,0.0,0.0,0.0,0.0,0.0,0.0,3.0,0.0,0.0,4.0,8.0,0.0,20.0,267.0,286.0,162.0,37.0,779.0,559.0,56.0,1417.0,0.0,0.0,0.0,0.0,0.0,0.0,0.0,0.0,0.0,0.0,0.0,0.0,4.0,27.0,0.0,27.0,0.0,0.0,0.0,0.0,0.0,0.0,0.0,0.0,9.0,0.0,0.0,0.0,11.0,13.0,3.0,29.0,14.0,0.0,0.0,0.0,20.0,46.0,3.0,64.0,0.0,0.0,0.0,0.0,3.0,0.0,0.0,6.0,5103.0,8286.0,3991.0,479.0,17865.0,5047.0,1009.0,23972.0,23972.0
Sunbury,5356.0,7674.0,2613.0,185.0,15933.0,3783.0,341.0,20131.0,326.0,204.0,186.0,15.0,760.0,872.0,55.0,1735.0,105.0,79.0,53.0,0.0,252.0,151.0,8.0,428.0,436.0,285.0,251.0,18.0,1023.0,1024.0,67.0,2138.0,186.0,56.0,114.0,12.0,386.0,597.0,39.0,1035.0,0.0,0.0,0.0,0.0,0.0,0.0,0.0,0.0,0.0,0.0,0.0,0.0,0.0,0.0,0.0,0.0,0.0,0.0,0.0,0.0,0.0,0.0,0.0,0.0,0.0,0.0,0.0,0.0,0.0,0.0,0.0,0.0,189.0,56.0,116.0,12.0,389.0,600.0,39.0,1035.0,0.0,0.0,0.0,0.0,0.0,0.0,0.0,0.0,0.0,0.0,0.0,0.0,0.0,0.0,0.0,0.0,0.0,0.0,0.0,0.0,0.0,0.0,0.0,0.0,0.0,0.0,0.0,0.0,0.0,0.0,0.0,0.0,0.0,0.0,0.0,0.0,0.0,0.0,0.0,0.0,0.0,0.0,0.0,0.0,0.0,0.0,0.0,0.0,6016.0,8053.0,3023.0,234.0,17379.0,5430.0,468.0,23342.0,23342.0
Sydenham,3996.0,11141.0,2475.0,125.0,17757.0,2153.0,213.0,20183.0,458.0,596.0,314.0,12.0,1430.0,651.0,12.0,2133.0,207.0,395.0,252.0,30.0,931.0,279.0,43.0,1255.0,699.0,956.0,588.0,47.0,2354.0,925.0,62.0,3404.0,31.0,33.0,19.0,0.0,67.0,179.0,4.0,251.0,16.0,12.0,5.0,0.0,28.0,44.0,3.0,76.0,0.0,0.0,0.0,0.0,0.0,0.0,0.0,0.0,0.0,0.0,0.0,0.0,0.0,0.0,0.0,0.0,0.0,0.0,0.0,0.0,0.0,0.0,0.0,0.0,42.0,46.0,24.0,0.0,98.0,226.0,7.0,326.0,0.0,0.0,0.0,0.0,0.0,0.0,0.0,0.0,0.0,0.0,0.0,0.0,0.0,0.0,0.0,0.0,0.0,0.0,0.0,0.0,0.0,0.0,0.0,0.0,0.0,0.0,0.0,0.0,0.0,0.0,0.0,0.0,0.0,0.0,0.0,0.0,0.0,0.0,0.0,0.0,3.0,5.0,0.0,0.0,3.0,0.0,0.0,3.0,4714.0,12174.0,3056.0,196.0,20248.0,3316.0,298.0,23912.0,23912.0
Tarneit,4810.0,12676.0,2724.0,299.0,20634.0,3105.0,735.0,24454.0,396.0,755.0,207.0,0.0,1466.0,411.0,21.0,1987.0,77.0,154.0,61.0,9.0,350.0,120.0,7.0,562.0,490.0,982.0,313.0,9.0,1851.0,553.0,36.0,2550.0,148.0,114.0,93.0,0.0,411.0,439.0,8.0,888.0,0.0,0.0,0.0,0.0,0.0,0.0,0.0,0.0,5.0,0.0,0.0,0.0,5.0,29.0,0.0,40.0,0.0,0.0,0.0,0.0,0.0,0.0,0.0,0.0,0.0,0.0,0.0,0.0,0.0,0.0,0.0,0.0,155.0,114.0,93.0,0.0,417.0,477.0,8.0,937.0,0.0,0.0,0.0,0.0,0.0,0.0,0.0,0.0,0.0,0.0,0.0,0.0,0.0,0.0,0.0,0.0,0.0,0.0,0.0,0.0,0.0,0.0,0.0,0.0,0.0,0.0,0.0,0.0,0.0,0.0,0.0,0.0,0.0,0.0,0.0,0.0,0.0,0.0,0.0,0.0,0.0,3.0,0.0,0.0,3.0,0.0,0.0,3.0,5565.0,13808.0,3198.0,362.0,22941.0,4201.0,855.0,28016.0,28016.0
Thomastown,4826.0,9660.0,3011.0,302.0,17777.0,3818.0,568.0,22194.0,182.0,238.0,102.0,11.0,619.0,398.0,32.0,1070.0,276.0,372.0,194.0,21.0,924.0,306.0,50.0,1317.0,478.0,634.0,304.0,44.0,1557.0,708.0,101.0,2408.0,185.0,193.0,112.0,13.0,549.0,359.0,53.0,928.0,10.0,4.0,4.0,0.0,20.0,46.0,0.0,66.0,42.0,0.0,4.0,0.0,43.0,79.0,0.0,119.0,0.0,0.0,0.0,0.0,0.0,0.0,0.0,0.0,0.0,0.0,0.0,0.0,0.0,0.0,0.0,0.0,242.0,197.0,120.0,13.0,609.0,484.0,53.0,1117.0,0.0,0.0,0.0,0.0,0.0,0.0,0.0,0.0,0.0,0.0,0.0,0.0,0.0,0.0,0.0,0.0,0.0,0.0,0.0,0.0,0.0,0.0,0.0,0.0,5.0,0.0,0.0,0.0,5.0,0.0,0.0,6.0,5.0,0.0,0.0,0.0,5.0,0.0,0.0,6.0,0.0,0.0,0.0,0.0,0.0,0.0,0.0,0.0,5654.0,10467.0,3445.0,354.0,20000.0,5064.0,753.0,25777.0,25777.0
Warrandyte,5795.0,9735.0,2048.0,90.0,17685.0,3005.0,240.0,21058.0,215.0,270.0,134.0,5.0,635.0,519.0,16.0,1208.0,278.0,667.0,158.0,0.0,1157.0,215.0,16.0,1392.0,560.0,977.0,302.0,13.0,1868.0,743.0,46.0,2656.0,161.0,203.0,77.0,13.0,463.0,284.0,8.0,767.0,54.0,36.0,36.0,0.0,142.0,94.0,0.0,250.0,95.0,54.0,43.0,3.0,197.0,133.0,11.0,344.0,0.0,0.0,0.0,0.0,0.0,0.0,0.0,0.0,0.0,0.0,0.0,0.0,0.0,0.0,0.0,0.0,337.0,292.0,164.0,11.0,823.0,536.0,18.0,1364.0,5.0,0.0,0.0,0.0,5.0,0.0,0.0,5.0,0.0,0.0,0.0,0.0,0.0,0.0,0.0,0.0,0.0,0.0,0.0,0.0,0.0,0.0,0.0,0.0,0.0,0.0,0.0,0.0,0.0,0.0,0.0,0.0,5.0,0.0,0.0,0.0,5.0,0.0,0.0,5.0,0.0,0.0,0.0,0.0,0.0,0.0,0.0,0.0,6691.0,11007.0,2518.0,136.0,20368.0,4270.0,302.0,25092.0,25092.0
Wendouree,6079.0,6214.0,3205.0,236.0,15851.0,6011.0,840.0,22637.0,580.0,278.0,346.0,18.0,1298.0,2186.0,114.0,3707.0,68.0,32.0,58.0,0.0,159.0,152.0,31.0,401.0,693.0,307.0,406.0,18.0,1525.0,2374.0,146.0,4102.0,80.0,20.0,41.0,0.0,156.0,540.0,11.0,740.0,13.0,0.0,4.0,0.0,33.0,44.0,7.0,75.0,0.0,0.0,0.0,0.0,0.0,3.0,0.0,3.0,0.0,0.0,0.0,0.0,0.0,0.0,0.0,0.0,0.0,0.0,0.0,0.0,0.0,6.0,0.0,6.0,100.0,26.0,49.0,0.0,192.0,585.0,20.0,829.0,0.0,0.0,0.0,0.0,0.0,0.0,0.0,0.0,0.0,0.0,0.0,0.0,0.0,0.0,0.0,0.0,0.0,0.0,0.0,0.0,0.0,0.0,0.0,0.0,3.0,0.0,0.0,0.0,3.0,8.0,0.0,23.0,3.0,0.0,0.0,0.0,3.0,8.0,0.0,23.0,4.0,0.0,0.0,0.0,4.0,4.0,0.0,24.0,6939.0,6584.0,3755.0,283.0,17542.0,9045.0,1058.0,27646.0,27646.0
Werribee,5469.0,10611.0,3509.0,309.0,19979.0,4348.0,731.0,25071.0,394.0,396.0,244.0,14.0,1110.0,1076.0,76.0,2277.0,113.0,116.0,79.0,0.0,381.0,165.0,39.0,594.0,505.0,538.0,345.0,14.0,1495.0,1241.0,129.0,2905.0,20.0,20.0,18.0,0.0,61.0,68.0,0.0,137.0,0.0,7.0,0.0,0.0,6.0,10.0,0.0,29.0,12.0,0.0,9.0,0.0,19.0,10.0,0.0,30.0,0.0,0.0,0.0,0.0,0.0,0.0,0.0,0.0,0.0,0.0,0.0,0.0,0.0,0.0,0.0,0.0,32.0,27.0,27.0,0.0,85.0,95.0,0.0,198.0,0.0,0.0,0.0,0.0,0.0,0.0,0.0,0.0,0.0,0.0,0.0,0.0,0.0,0.0,0.0,0.0,0.0,0.0,0.0,0.0,0.0,0.0,0.0,0.0,3.0,0.0,0.0,0.0,3.0,0.0,0.0,3.0,3.0,0.0,0.0,0.0,3.0,0.0,0.0,3.0,0.0,0.0,0.0,0.0,3.0,0.0,0.0,3.0,6071.0,11217.0,3953.0,357.0,21598.0,5741.0,879.0,28184.0,28184.0
Williamstown,3995.0,6184.0,1618.0,181.0,12103.0,3232.0,371.0,15739.0,733.0,490.0,233.0,13.0,1507.0,1290.0,35.0,2876.0,1281.0,1599.0,460.0,17.0,3423.0,890.0,111.0,4492.0,1979.0,2108.0,743.0,26.0,4908.0,2230.0,194.0,7373.0,188.0,75.0,83.0,10.0,421.0,692.0,39.0,1192.0,44.0,23.0,18.0,0.0,104.0,159.0,6.0,261.0,88.0,16.0,20.0,4.0,155.0,193.0,3.0,355.0,52.0,12.0,31.0,0.0,93.0,154.0,3.0,260.0,0.0,0.0,0.0,0.0,0.0,0.0,0.0,0.0,375.0,131.0,158.0,10.0,787.0,1219.0,60.0,2090.0,0.0,0.0,0.0,0.0,0.0,0.0,0.0,0.0,0.0,0.0,0.0,0.0,0.0,0.0,0.0,0.0,0.0,0.0,0.0,0.0,0.0,0.0,0.0,0.0,0.0,0.0,5.0,0.0,35.0,20.0,3.0,59.0,0.0,0.0,5.0,0.0,35.0,20.0,3.0,59.0,3.0,0.0,0.0,0.0,10.0,10.0,0.0,20.0,6455.0,8496.0,2535.0,302.0,17770.0,6790.0,738.0,25272.0,25272.0
Yan Yean,4780.0,10701.0,2769.0,144.0,18363.0,2926.0,320.0,21660.0,220.0,205.0,84.0,0.0,571.0,279.0,0.0,898.0,101.0,114.0,85.0,0.0,336.0,143.0,14.0,535.0,327.0,336.0,187.0,8.0,928.0,441.0,14.0,1446.0,10.0,8.0,18.0,0.0,42.0,46.0,0.0,88.0,10.0,3.0,12.0,0.0,30.0,22.0,3.0,59.0,0.0,0.0,0.0,0.0,0.0,0.0,0.0,0.0,0.0,0.0,0.0,0.0,0.0,0.0,0.0,0.0,0.0,0.0,0.0,0.0,0.0,0.0,0.0,4.0,20.0,11.0,25.0,0.0,68.0,69.0,3.0,152.0,0.0,0.0,0.0,0.0,0.0,3.0,0.0,3.0,0.0,0.0,0.0,0.0,0.0,0.0,0.0,0.0,0.0,0.0,0.0,0.0,0.0,0.0,0.0,0.0,0.0,0.0,0.0,0.0,0.0,0.0,0.0,0.0,0.0,5.0,0.0,0.0,5.0,3.0,0.0,8.0,0.0,0.0,0.0,0.0,4.0,3.0,0.0,6.0,5155.0,11071.0,2991.0,158.0,19398.0,3490.0,344.0,23336.0,23336.0
