district,M_0_149_CFNC_pc,M_0_149_CF_C_und15_pc,M_0_149_CFNC_und15_pc,M_0_149_1PF_C_und15_pc,M_0_149_1PFNC_und15_pc,M_0_149_OthF_pc,M_0_149_Tot_pc,M_150_299_CFNC_pc,M_150_299_CF_C_und15_pc,M_150_299_CFNC_und15_pc,M_150_299_1PF_C_und15_pc,M_150_299_1PFNC_und15_pc,M_150_299_OthF_pc,M_150_299_Tot_pc,M_300_449_CFNC_pc,M_300_449_CF_C_und15_pc,M_300_449_CFNC_und15_pc,M_300_449_1PF_C_und15_pc,M_300_449_1PFNC_und15_pc,M_300_449_OthF_pc,M_300_449_Tot_pc,M_450_599_CFNC_pc,M_450_599_CF_C_und15_pc,M_450_599_CFNC_und15_pc,M_450_599_1PF_C_und15_pc,M_450_599_1PFNC_und15_pc,M_450_599_OthF_pc,M_450_599_Tot_pc,M_600_799_CFNC_pc,M_600_799_CF_C_und15_pc,M_600_799_CFNC_und15_pc,M_600_799_1PF_C_und15_pc,M_600_799_1PFNC_und15_pc,M_600_799_OthF_pc,M_600_799_Tot_pc,M_800_999_CFNC_pc,M_800_999_CF_C_und15_pc,M_800_999_CFNC_und15_pc,M_800_999_1PF_C_und15_pc,M_800_999_1PFNC_und15_pc,M_800_999_OthF_pc,M_800_999_Tot_pc,M_1000_1199_CFNC_pc,M_1000_1199_CF_C_und15_pc,M_1000_1199_CFNC_und15_pc,M_1000_1199_1PF_C_und15_pc,M_1000_1199_1PFNC_und15_pc,M_1000_1199_OthF_pc,M_1000_1199_Tot_pc,M_1200_1399_CFNC_pc,M_1200_1399_CF_C_und15_pc,M_1200_1399_CFNC_und15_pc,M_1200_1399_1PF_C_und15_pc,M_1200_1399_1PFNC_und15_pc,M_1200_1399_OthF_pc,M_1200_1399_Tot_pc,M_1400_1599_CFNC_pc,M_1400_1599_CF_C_und15_pc,M_1400_1599_CFNC_und15_pc,M_1400_1599_1PF_C_und15_pc,M_1400_1599_1PFNC_und15_pc,M_1400_1599_OthF_pc,M_1400_1599_Tot_pc,M_1600_1799_CFNC_pc,M_1600_1799_CF_C_und15_pc,M_1600_1799_CFNC_und15_pc,M_1600_1799_1PF_C_und15_pc,M_1600_1799_1PFNC_und15_pc,M_1600_1799_OthF_pc,M_1600_1799_Tot_pc,M_1800_1999_CFNC_pc,M_1800_1999_CF_C_und15_pc,M_1800_1999_CFNC_und15_pc,M_1800_1999_1PF_C_und15_pc,M_1800_1999_1PFNC_und15_pc,M_1800_1999_OthF_pc,M_1800_1999_Tot_pc,M_2000_2199_CFNC_pc,M_2000_2199_CF_C_und15_pc,M_2000_2199_CFNC_und15_pc,M_2000_2199_1PF_C_und15_pc,M_2000_2199_1PFNC_und15_pc,M_2000_2199_OthF_pc,M_2000_2199_Tot_pc,M_2200_2399_CFNC_pc,M_2200_2399_CF_C_und15_pc,M_2200_2399_CFNC_und15_pc,M_2200_2399_1PF_C_und15_pc,M_2200_2399_1PFNC_und15_pc,M_2200_2399_OthF_pc,M_2200_2399_Tot_pc,M_2400_2599_CFNC_pc,M_2400_2599_CF_C_und15_pc,M_2400_2599_CFNC_und15_pc,M_2400_2599_1PF_C_und15_pc,M_2400_2599_1PFNC_und15_pc,M_2400_2599_OthF_pc,M_2400_2599_Tot_pc,M_2600_2999_CFNC_pc,M_2600_2999_CF_C_und15_pc,M_2600_2999_CFNC_und15_pc,M_2600_2999_1PF_C_und15_pc,M_2600_2999_1PFNC_und15_pc,M_2600_2999_OthF_pc,M_2600_2999_Tot_pc,M_3000_3999_CFNC_pc,M_3000_3999_CF_C_und15_pc,M_3000_3999_CFNC_und15_pc,M_3000_3999_1PF_C_und15_pc,M_3000_3999_1PFNC_und15_pc,M_3000_3999_OthF_pc,M_3000_3999_Tot_pc,M_4000_4999_CFNC_pc,M_4000_4999_CF_C_und15_pc,M_4000_4999_CFNC_und15_pc,M_4000_4999_1PF_C_und15_pc,M_4000_4999_1PFNC_und15_pc,M_4000_4999_OthF_pc,M_4000_4999_Tot_pc,M_5000over_CFNC_pc,M_5000over_CF_C_und15_pc,M_5000over_CFNC_und15_pc,M_5000over_1PF_C_und15_pc,M_5000over_1PFNC_und15_pc,M_5000over_OthF_pc,M_5000over_Tot_pc,M_NS_CFNC_pc,M_NS_CF_C_und15_pc,M_NS_CFNC_und15_pc,M_NS_1PF_C_und15_pc,M_NS_1PFNC_und15_pc,M_NS_OthF_pc,M_NS_Tot_pc,Tot_CFNC_pc,Tot_CF_C_und15_pc,Tot_CFNC_und15_pc,Tot_1PF_C_und15_pc,Tot_1PFNC_und15_pc,Tot_OthF_pc,Tot_Tot_pc
Albert Park,0.0055,0.0043,0.0006,0.0,0.0,0.0,0.0289,0.0008,0.0,0.0,0.0,0.0,0.0,0.0014,0.0008,0.0,0.0008,0.0,0.0,0.0,0.0016,0.0,0.0,0.0,0.0,0.0,0.0,0.0014,0.0006,0.0,0.0,0.0,0.0,0.0,0.0043,0.0039,0.001,0.001,0.0,0.0,0.0,0.0113,0.0039,0.0008,0.001,0.0,0.0006,0.0,0.0147,0.008,0.0006,0.0,0.0014,0.0008,0.0,0.0192,0.0174,0.0045,0.0006,0.0006,0.0,0.0,0.0393,0.0235,0.0027,0.0022,0.0014,0.0,0.0,0.0399,0.0215,0.0023,0.0,0.0,0.0,0.0,0.0326,0.0338,0.0154,0.0018,0.0012,0.0,0.0,0.0813,0.0129,0.0035,0.0,0.0,0.0,0.0,0.0313,0.0113,0.0059,0.0,0.0006,0.0,0.0,0.0354,0.016,0.0084,0.0006,0.001,0.0,0.0,0.0459,0.05,0.0387,0.0065,0.0027,0.002,0.0006,0.1335,0.0303,0.0358,0.0039,0.001,0.0,0.0,0.0807,0.0422,0.0884,0.0162,0.0006,0.0012,0.0006,0.1785,0.0164,0.0125,0.0016,0.0,0.0008,0.0,0.0582,0.4482,0.3421,0.0975,0.0461,0.0452,0.0037,1.0
Ashwood,0.0104,0.0109,0.0088,0.0,0.0018,0.0,0.0528,0.0,0.0006,0.0,0.0,0.0,0.0,0.0026,0.0011,0.0004,0.0008,0.0,0.0,0.0,0.0067,0.0,0.0,0.0006,0.0,0.0,0.0,0.0041,0.0011,0.0,0.0,0.0006,0.0006,0.0,0.0055,0.0011,0.0013,0.0012,0.0,0.0005,0.0,0.0097,0.0013,0.0033,0.0065,0.0,0.0008,0.0,0.0249,0.0005,0.0026,0.0016,0.0005,0.0004,0.0,0.0215,0.0016,0.0029,0.0032,0.0,0.0006,0.0,0.0263,0.002,0.0053,0.0019,0.0,0.001,0.0,0.0259,0.0026,0.006,0.0004,0.0,0.0011,0.0,0.0207,0.0102,0.0278,0.0096,0.0,0.001,0.0,0.074,0.0032,0.0068,0.0017,0.0,0.0,0.0,0.021,0.0045,0.013,0.0018,0.0006,0.0,0.0,0.0345,0.0103,0.0243,0.0029,0.0007,0.0,0.0,0.0665,0.0306,0.0982,0.0223,0.0008,0.0031,0.0,0.186,0.0139,0.0636,0.0117,0.0017,0.0014,0.0,0.1138,0.0151,0.0927,0.0191,0.0022,0.0005,0.0,0.1525,0.0074,0.0237,0.0102,0.0011,0.0008,0.0,0.0654,0.2068,0.4925,0.2019,0.0371,0.047,0.0023,1.0
Bass,0.0055,0.0014,0.0014,0.0,0.0004,0.0,0.0175,0.002,0.0005,0.0006,0.0004,0.0,0.0,0.0067,0.0021,0.0026,0.0,0.0,0.0,0.0,0.0079,0.0012,0.0,0.0,0.0,0.0007,0.0,0.0107,0.0072,0.0045,0.0025,0.0,0.0005,0.0,0.0264,0.0068,0.011,0.0022,0.0004,0.0024,0.0,0.0357,0.0165,0.0156,0.0033,0.0027,0.0004,0.0,0.0596,0.021,0.0283,0.0077,0.0041,0.0015,0.0,0.0774,0.0186,0.0298,0.0058,0.0017,0.0004,0.0,0.0757,0.021,0.0447,0.0068,0.005,0.0005,0.0,0.096,0.0186,0.0393,0.0014,0.0014,0.0,0.0006,0.077,0.0298,0.0543,0.0078,0.0007,0.0015,0.0,0.1191,0.0175,0.0261,0.002,0.0004,0.0006,0.0,0.0581,0.0073,0.0155,0.0022,0.0,0.0,0.0,0.0392,0.0133,0.0287,0.0022,0.001,0.0001,0.0,0.0654,0.0195,0.0298,0.0038,0.0004,0.0005,0.0,0.0666,0.0038,0.0053,0.0,0.0,0.0,0.0,0.0133,0.0021,0.0047,0.0004,0.0,0.0,0.0,0.0114,0.0185,0.0138,0.0076,0.0,0.0009,0.0,0.0629,0.3143,0.4288,0.1346,0.0521,0.0475,0.0022,1.0
Bayswater,0.0038,0.0024,0.0055,0.0,0.0,0.0,0.0268,0.0017,0.0004,0.0011,0.0,0.0,0.0,0.0055,0.0009,0.0009,0.001,0.0,0.0003,0.0,0.0083,0.0,0.001,0.0007,0.0,0.0,0.0,0.0066,0.0021,0.0003,0.0022,0.0,0.0,0.0,0.0135,0.0022,0.0054,0.0027,0.001,0.002,0.0,0.0276,0.0067,0.0126,0.0092,0.0,0.0003,0.0,0.0472,0.0081,0.0154,0.0089,0.0007,0.0026,0.0,0.06,0.0113,0.0266,0.0067,0.0018,0.0026,0.0,0.0691,0.0124,0.03,0.0072,0.0009,0.004,0.0,0.0745,0.0106,0.0265,0.0045,0.0003,0.0012,0.0,0.0644,0.0237,0.0581,0.011,0.0013,0.0008,0.0,0.112,0.0152,0.0382,0.0031,0.0003,0.0,0.0,0.0716,0.0124,0.033,0.0017,0.0,0.001,0.0,0.0605,0.0211,0.052,0.0053,0.001,0.0004,0.0,0.0967,0.0188,0.0586,0.0073,0.0,0.0,0.0,0.1064,0.0028,0.0077,0.002,0.0,0.0,0.0,0.0215,0.002,0.0043,0.0004,0.0,0.0,0.0,0.0137,0.0097,0.0151,0.0038,0.0,0.0021,0.0,0.046,0.259,0.4533,0.1652,0.0386,0.0661,0.0025,1.0
Bellarine,0.0084,0.0019,0.0004,0.0,0.0004,0.0,0.0205,0.001,0.0,0.0004,0.0,0.0,0.0,0.0038,0.003,0.0,0.0024,0.0,0.0,0.0,0.0146,0.0006,0.0015,0.0,0.0005,0.0008,0.0,0.0063,0.0076,0.0025,0.0019,0.0,0.0006,0.0,0.0278,0.0055,0.003,0.005,0.0011,0.0024,0.0,0.0338,0.0142,0.0054,0.0053,0.0005,0.0025,0.0,0.0522,0.0154,0.0278,0.0074,0.0026,0.0021,0.0,0.076,0.018,0.0254,0.005,0.0033,0.0019,0.0,0.0708,0.0237,0.0451,0.0063,0.0033,0.0039,0.0,0.1002,0.014,0.0479,0.0033,0.0004,0.0,0.0,0.0782,0.0325,0.0527,0.0139,0.001,0.0005,0.0005,0.1148,0.0076,0.0204,0.0016,0.0,0.0,0.0,0.0397,0.0044,0.0127,0.001,0.0,0.0,0.0,0.0291,0.0157,0.0343,0.0067,0.0011,0.0009,0.0,0.0655,0.0184,0.0398,0.0098,0.0005,0.0005,0.0,0.0825,0.0031,0.0142,0.0019,0.0,0.0,0.0,0.0277,0.0029,0.0082,0.0016,0.0,0.0,0.0,0.0174,0.0111,0.0164,0.0033,0.0005,0.001,0.0,0.0499,0.2943,0.4434,0.1529,0.0447,0.0569,0.0031,1.0
Benambra,0.0063,0.002,0.0013,0.0,0.0,0.0,0.0217,0.0027,0.0,0.0004,0.0,0.0,0.0,0.0038,0.0033,0.0019,0.0009,0.0,0.0,0.0,0.0176,0.004,0.0005,0.0,0.0,0.0,0.0,0.0106,0.007,0.0075,0.0017,0.0,0.0,0.0,0.036,0.0212,0.0185,0.0047,0.0031,0.0005,0.0,0.0711,0.0212,0.024,0.007,0.0025,0.0031,0.0,0.0863,0.028,0.0482,0.0071,0.0039,0.0021,0.0004,0.1167,0.0279,0.0486,0.0072,0.0035,0.0009,0.0005,0.1105,0.0248,0.0501,0.009,0.0031,0.0015,0.0,0.1103,0.0118,0.0271,0.0056,0.0009,0.0,0.0,0.0545,0.0192,0.0368,0.0098,0.0,0.0004,0.0,0.0899,0.0017,0.0119,0.0004,0.0,0.0,0.0,0.0249,0.0027,0.002,0.0,0.0,0.0,0.0,0.011,0.0058,0.0139,0.0025,0.0007,0.0,0.0,0.0362,0.0058,0.0206,0.0039,0.0007,0.0004,0.0,0.0427,0.0009,0.0039,0.0004,0.0,0.0,0.0,0.0107,0.0,0.0016,0.0005,0.0,0.0,0.0,0.005,0.0096,0.0117,0.0025,0.0013,0.0015,0.0,0.0488,0.3104,0.4228,0.1401,0.0656,0.0454,0.0038,1.0
Bendigo East,0.0046,0.0017,0.0014,0.0,0.0004,0.0,0.0212,0.0009,0.0,0.0009,0.0,0.0,0.0,0.0038,0.0045,0.0012,0.0,0.0,0.0006,0.0,0.0166,0.0012,0.0007,0.0004,0.0,0.0,0.0,0.0138,0.01,0.0056,0.0019,0.0006,0.0015,0.0,0.0342,0.0113,0.0116,0.0057,0.0024,0.002,0.0,0.0565,0.0212,0.0291,0.0064,0.0044,0.0013,0.0,0.0826,0.0299,0.0486,0.0091,0.0033,0.0027,0.0,0.1206,0.0337,0.0547,0.0103,0.0074,0.0019,0.0,0.1211,0.0261,0.0521,0.0061,0.0013,0.0014,0.0006,0.1115,0.0085,0.0337,0.005,0.0014,0.0,0.0,0.0656,0.0146,0.0434,0.0068,0.0017,0.0,0.0,0.0867,0.0045,0.0125,0.0004,0.0,0.0,0.0,0.0285,0.0011,0.0046,0.0007,0.0,0.0,0.0,0.0134,0.0026,0.0178,0.0047,0.0,0.0006,0.0,0.037,0.0042,0.0164,0.004,0.0,0.0,0.0,0.0382,0.0023,0.0031,0.0,0.0,0.0,0.0,0.0106,0.0013,0.004,0.0,0.0,0.0,0.0,0.008,0.0096,0.0093,0.0043,0.0009,0.0006,0.0,0.0445,0.2788,0.4447,0.1398,0.0607,0.0508,0.0026,1.0
Bendigo West,0.0059,0.0041,0.0025,0.0,0.0004,0.0,0.0214,0.0021,0.0,0.0004,0.0,0.0,0.0,0.0072,0.0044,0.0,0.0004,0.0,0.0012,0.0,0.0178,0.0009,0.0004,0.0013,0.0006,0.0004,0.0,0.0165,0.0091,0.0034,0.0041,0.0018,0.0004,0.0,0.0398,0.013,0.0193,0.0088,0.0027,0.0019,0.0,0.0691,0.022,0.0267,0.0084,0.0055,0.0032,0.0,0.1045,0.0301,0.052,0.0088,0.008,0.0047,0.0,0.1252,0.0264,0.047,0.0056,0.0032,0.0013,0.0,0.1051,0.0264,0.0523,0.0066,0.0034,0.0022,0.0,0.1108,0.0097,0.0298,0.0038,0.0,0.0,0.0,0.0594,0.0136,0.034,0.0077,0.0004,0.0004,0.0,0.0751,0.0022,0.0108,0.0,0.0,0.0,0.0,0.0208,0.0009,0.0074,0.0,0.0,0.0,0.0,0.0111,0.0099,0.0161,0.0032,0.0,0.0,0.0,0.0407,0.0049,0.013,0.0021,0.0,0.0,0.0,0.0337,0.0013,0.0027,0.0022,0.0,0.0,0.0,0.0088,0.0006,0.0013,0.0004,0.0,0.0,0.0,0.0035,0.0111,0.0109,0.0025,0.0007,0.0004,0.0,0.0499,0.2963,0.4089,0.1432,0.0706,0.0591,0.0035,1.0
Bentleigh,0.0046,0.0066,0.0038,0.0,0.0007,0.0,0.0371,0.0,0.0,0.0009,0.0,0.0,0.0,0.0009,0.001,0.0008,0.0009,0.0,0.0005,0.0,0.0072,0.0007,0.0007,0.0,0.0,0.0,0.0,0.0043,0.0012,0.0007,0.0011,0.0,0.0,0.0,0.0095,0.002,0.0017,0.0007,0.0,0.0,0.0,0.014,0.0019,0.0031,0.0037,0.0,0.0016,0.0,0.0266,0.0031,0.0059,0.0046,0.0,0.0004,0.0,0.029,0.0039,0.0072,0.0038,0.0,0.0008,0.0,0.0364,0.0031,0.0119,0.0014,0.0007,0.0007,0.0,0.0325,0.0057,0.012,0.0016,0.0003,0.0004,0.0,0.0314,0.0117,0.0352,0.0093,0.0011,0.0019,0.0,0.0783,0.0071,0.0136,0.0012,0.0015,0.0,0.0,0.0344,0.0047,0.0215,0.0033,0.0,0.0,0.0,0.0446,0.011,0.0387,0.0054,0.0017,0.0003,0.0,0.0787,0.0351,0.1215,0.0178,0.003,0.001,0.0,0.201,0.015,0.0663,0.0065,0.0012,0.0003,0.0,0.113,0.0085,0.0539,0.0061,0.0008,0.0008,0.0,0.079,0.0073,0.0222,0.0084,0.0004,0.0007,0.0,0.0567,0.2183,0.5029,0.1761,0.0444,0.0538,0.0022,1.0
Berwick,0.0029,0.0055,0.0039,0.0,0.0,0.0,0.0256,0.0008,0.0,0.0005,0.0,0.0,0.0,0.0033,0.0014,0.0016,0.0004,0.0,0.0,0.0,0.0054,0.0009,0.001,0.0015,0.0,0.0002,0.0,0.0074,0.0008,0.0008,0.0014,0.0,0.0,0.0,0.0098,0.0031,0.0042,0.0021,0.0005,0.0002,0.0,0.0162,0.0028,0.0063,0.005,0.0002,0.0005,0.0,0.0251,0.006,0.0137,0.0043,0.0003,0.0003,0.0,0.0373,0.0043,0.0215,0.0062,0.0002,0.0011,0.0,0.0507,0.0095,0.0352,0.0104,0.0008,0.0006,0.0,0.0739,0.0114,0.0413,0.0056,0.0014,0.0,0.0,0.0759,0.0226,0.0773,0.018,0.0016,0.0002,0.0,0.1357,0.013,0.0536,0.0058,0.0002,0.0002,0.0,0.085,0.0109,0.0481,0.0047,0.0005,0.0,0.0,0.0697,0.0134,0.0656,0.0122,0.0,0.0,0.0,0.1035,0.015,0.0756,0.0152,0.0005,0.0004,0.0,0.118,0.0045,0.0163,0.0043,0.0,0.0007,0.0,0.0305,0.0024,0.0132,0.0034,0.0,0.0003,0.0,0.0285,0.0079,0.0246,0.0093,0.0003,0.0005,0.0,0.0565,0.1921,0.5512,0.178,0.0295,0.0321,0.002,1.0
Box Hill,0.0034,0.0073,0.0082,0.0012,0.0007,0.0,0.0457,0.0006,0.0004,0.0,0.0,0.0,0.0,0.0023,0.0,0.0009,0.0007,0.0,0.0,0.0,0.0051,0.0017,0.0004,0.0004,0.0,0.0,0.0,0.0056,0.001,0.0012,0.0012,0.0,0.0016,0.0,0.0095,0.0015,0.001,0.0016,0.0004,0.0004,0.0,0.017,0.0031,0.0054,0.0055,0.0,0.0004,0.0,0.0294,0.0026,0.0049,0.0026,0.0,0.0005,0.0,0.0276,0.0062,0.0081,0.0015,0.0005,0.0007,0.0,0.0369,0.0048,0.0067,0.0023,0.0004,0.0,0.0,0.0331,0.0048,0.0053,0.0022,0.0,0.0005,0.0,0.0237,0.0114,0.0287,0.0125,0.0017,0.001,0.0,0.0849,0.0031,0.0099,0.0,0.0006,0.0,0.0,0.0234,0.0072,0.0166,0.0046,0.0,0.0,0.0,0.0417,0.0139,0.0261,0.0046,0.0006,0.0004,0.0,0.0717,0.0319,0.0969,0.025,0.0028,0.0017,0.0,0.1837,0.0093,0.0608,0.0083,0.0009,0.0005,0.0,0.103,0.011,0.0508,0.0091,0.0011,0.0,0.0,0.0893,0.0059,0.0192,0.0054,0.0,0.0026,0.0,0.0593,0.2204,0.4659,0.1961,0.0445,0.0615,0.0012,1.0
Brighton,0.0093,0.0125,0.0062,0.0,0.0005,0.0,0.0462,0.0,0.0,0.0,0.0,0.0005,0.0,0.002,0.0005,0.0014,0.0008,0.0,0.0,0.0,0.0071,0.0006,0.0,0.0005,0.0,0.0,0.0,0.004,0.0017,0.0009,0.0,0.0,0.0,0.0,0.0041,0.0009,0.0024,0.0005,0.0,0.0008,0.0,0.0128,0.004,0.0026,0.0,0.0,0.0005,0.0,0.0157,0.0027,0.0012,0.0015,0.0,0.0006,0.0,0.0161,0.0023,0.0027,0.0,0.0,0.0,0.0,0.0166,0.0049,0.002,0.0014,0.0005,0.0,0.0005,0.0154,0.0036,0.0012,0.0002,0.0005,0.0,0.0,0.0192,0.01,0.0147,0.0065,0.0,0.0,0.0,0.0558,0.0021,0.004,0.0006,0.0,0.0005,0.0,0.0202,0.0058,0.0085,0.0024,0.0,0.0,0.0,0.0295,0.0094,0.0112,0.002,0.0012,0.0,0.0005,0.0447,0.0231,0.0716,0.0237,0.0017,0.0012,0.0,0.1426,0.0137,0.0593,0.0158,0.0024,0.0,0.0,0.1161,0.0345,0.1488,0.0427,0.0021,0.0044,0.0,0.2592,0.012,0.0284,0.0068,0.0005,0.0011,0.0,0.0754,0.24,0.453,0.1952,0.0455,0.0499,0.0018,1.0
Broadmeadows,0.0036,0.0114,0.0025,0.0,0.0006,0.0,0.0337,0.0004,0.0,0.0,0.0,0.0004,0.0,0.0015,0.0021,0.0004,0.0,0.0,0.0008,0.0,0.0135,0.0004,0.0006,0.0,0.0,0.0,0.0,0.0073,0.0014,0.002,0.0029,0.0,0.0004,0.0,0.0234,0.0034,0.0053,0.001,0.0,0.0015,0.0,0.0264,0.0063,0.015,0.0035,0.0004,0.0036,0.0,0.0568,0.0098,0.0223,0.0049,0.0035,0.0029,0.0,0.0721,0.0102,0.0278,0.0035,0.0006,0.0007,0.0004,0.0744,0.0152,0.033,0.0027,0.0035,0.0015,0.0,0.0836,0.0175,0.0283,0.0027,0.0022,0.0,0.0,0.0681,0.0282,0.046,0.0077,0.0021,0.0017,0.0,0.117,0.0102,0.0223,0.0004,0.0,0.0004,0.0,0.045,0.0072,0.0159,0.0015,0.0,0.0,0.0,0.0389,0.0149,0.0302,0.0029,0.0004,0.0,0.0,0.0595,0.0136,0.0404,0.0052,0.0,0.0,0.0,0.0784,0.0014,0.0058,0.0,0.0,0.0,0.0,0.0202,0.0006,0.0072,0.0006,0.0,0.0,0.0,0.0136,0.0079,0.0177,0.0059,0.0004,0.0031,0.0,0.069,0.2628,0.4332,0.1464,0.0511,0.0848,0.0084,1.0
Brunswick,0.0087,0.0069,0.0013,0.0,0.0,0.0,0.0371,0.0,0.0,0.0,0.0,0.0,0.0,0.0021,0.0017,0.0006,0.0,0.0,0.0,0.0,0.0044,0.0,0.0012,0.0006,0.0,0.0,0.0,0.0048,0.0006,0.0008,0.0,0.0,0.0008,0.0,0.0044,0.0027,0.0015,0.0015,0.0,0.0006,0.0,0.0163,0.0073,0.0019,0.0008,0.0,0.0,0.0,0.0219,0.0104,0.0037,0.0006,0.0,0.0,0.0,0.0273,0.0119,0.0031,0.0008,0.0,0.0,0.0,0.0296,0.0098,0.0023,0.0008,0.001,0.001,0.0,0.0327,0.0137,0.0079,0.0,0.0,0.0,0.0,0.0335,0.0248,0.0273,0.0033,0.0,0.0,0.0,0.0871,0.0085,0.0102,0.0008,0.0015,0.0,0.0,0.0371,0.0123,0.0108,0.0008,0.0,0.0,0.0,0.0325,0.016,0.0319,0.0023,0.0008,0.0008,0.0,0.065,0.0606,0.0813,0.0058,0.0017,0.0,0.0,0.1813,0.0221,0.0412,0.0077,0.0,0.0006,0.0,0.0983,0.0163,0.0517,0.0046,0.0,0.0,0.0,0.0956,0.0087,0.0112,0.0015,0.0,0.0006,0.0,0.0408,0.3658,0.4352,0.101,0.0367,0.0302,0.0025,1.0
Bulleen,0.0102,0.0054,0.0091,0.0007,0.0009,0.0,0.0541,0.0007,0.0,0.0012,0.0,0.0,0.0,0.0048,0.0004,0.0004,0.0009,0.0,0.0,0.0,0.0062,0.0028,0.0009,0.0005,0.0,0.0,0.0,0.0058,0.0005,0.0007,0.0016,0.0,0.0013,0.0,0.0081,0.0008,0.0011,0.003,0.0,0.0,0.0,0.0133,0.0026,0.0073,0.0025,0.0,0.0008,0.0,0.0265,0.0061,0.0036,0.002,0.0,0.0008,0.0,0.0252,0.0054,0.0063,0.0062,0.0,0.0,0.0,0.0306,0.0071,0.0054,0.0026,0.0,0.0,0.0,0.0289,0.0044,0.0067,0.0029,0.0,0.0004,0.0,0.0265,0.0153,0.0337,0.0106,0.0008,0.0021,0.0,0.0869,0.0025,0.0057,0.0045,0.0,0.0,0.0,0.0195,0.0046,0.0132,0.0013,0.0,0.0012,0.0,0.0376,0.0087,0.0227,0.0042,0.0,0.0,0.0,0.0617,0.0407,0.0955,0.0202,0.0036,0.0024,0.0,0.1865,0.0123,0.0564,0.0102,0.0011,0.0013,0.0,0.1039,0.0162,0.0493,0.0115,0.0013,0.0,0.0,0.107,0.0081,0.0202,0.0111,0.0,0.0012,0.0,0.0691,0.2504,0.4196,0.2147,0.042,0.0551,0.002,1.0
Bundoora,0.0062,0.0086,0.0039,0.0,0.0025,0.0,0.037,0.0011,0.0005,0.0004,0.0,0.0,0.0,0.0064,0.0009,0.0004,0.0005,0.0,0.0,0.0,0.0077,0.0005,0.001,0.0015,0.0,0.0,0.0,0.0093,0.0018,0.0004,0.0011,0.0,0.0011,0.0,0.0165,0.0024,0.003,0.003,0.0,0.0004,0.0,0.0206,0.003,0.0087,0.0039,0.0,0.0004,0.0,0.0399,0.0033,0.0159,0.0025,0.0004,0.0004,0.0,0.0409,0.0083,0.016,0.0088,0.0021,0.0013,0.0,0.0598,0.0112,0.024,0.0038,0.0,0.001,0.0,0.0666,0.0056,0.0194,0.0044,0.0005,0.0,0.0,0.0438,0.018,0.0457,0.0083,0.001,0.0013,0.0,0.1073,0.0081,0.03,0.0019,0.001,0.0004,0.0,0.0596,0.0082,0.0269,0.0005,0.0018,0.0008,0.0,0.0568,0.0225,0.0519,0.0052,0.0011,0.0,0.0,0.0939,0.0303,0.0675,0.0131,0.0011,0.0005,0.0,0.1315,0.0045,0.0129,0.0061,0.0004,0.0,0.0,0.0351,0.0026,0.0106,0.003,0.0,0.0009,0.0,0.0237,0.0059,0.0158,0.0126,0.0006,0.001,0.0,0.0596,0.2408,0.4588,0.1807,0.0449,0.0519,0.0011,1.0
Carrum,0.0027,0.0035,0.0011,0.0,0.0006,0.0,0.0212,0.0003,0.0,0.0,0.0,0.0,0.0,0.0018,0.0008,0.0,0.0005,0.0,0.0003,0.0,0.0079,0.0003,0.0005,0.0005,0.0,0.0014,0.0,0.0063,0.0022,0.0018,0.0022,0.0,0.0014,0.0,0.0216,0.0055,0.0043,0.0015,0.0003,0.0011,0.0,0.0303,0.0081,0.0162,0.0058,0.0011,0.0005,0.0,0.0459,0.0105,0.0189,0.0076,0.0022,0.0035,0.0,0.0637,0.0103,0.0272,0.0054,0.0019,0.0014,0.0,0.0639,0.0185,0.0345,0.0086,0.0019,0.0014,0.0,0.0846,0.0173,0.0354,0.0028,0.0009,0.001,0.0,0.0733,0.0332,0.0604,0.0126,0.0022,0.0026,0.0,0.1319,0.0142,0.03,0.0025,0.0005,0.0,0.0,0.0634,0.0106,0.0276,0.002,0.0003,0.0003,0.0,0.0526,0.0184,0.0448,0.0061,0.0006,0.0004,0.0,0.0868,0.0224,0.0483,0.0124,0.0004,0.0007,0.0,0.0968,0.0058,0.0136,0.0009,0.0,0.0003,0.0,0.027,0.0032,0.0056,0.0032,0.0,0.0004,0.0,0.0222,0.0119,0.0213,0.0071,0.0,0.0034,0.0,0.0604,0.2656,0.458,0.1486,0.0568,0.0609,0.0033,1.0
Caulfield,0.009,0.0053,0.007,0.0,0.0,0.0,0.0436,0.0005,0.0005,0.0,0.0,0.0,0.0,0.0009,0.0017,0.0,0.0,0.0,0.0,0.0,0.0039,0.0,0.0,0.0006,0.0,0.0,0.0,0.0036,0.0006,0.0,0.0,0.0,0.0,0.0,0.0065,0.0029,0.0005,0.0005,0.0,0.0,0.0,0.0095,0.0014,0.0037,0.0014,0.0,0.0008,0.0,0.0196,0.0047,0.0,0.0011,0.0,0.0,0.0,0.0146,0.0061,0.0028,0.0012,0.0,0.0,0.0,0.0233,0.0098,0.0047,0.0,0.0,0.0,0.0,0.0289,0.0098,0.0059,0.0,0.0009,0.0,0.0,0.0303,0.0146,0.0264,0.0047,0.0,0.0009,0.0,0.0705,0.0081,0.0074,0.0,0.0,0.0,0.0,0.0268,0.0074,0.0121,0.0014,0.0005,0.0,0.0,0.0382,0.0171,0.0183,0.0022,0.0,0.0006,0.0,0.0538,0.0355,0.0711,0.0112,0.0019,0.0012,0.0,0.1572,0.0147,0.0587,0.0056,0.0005,0.0005,0.0,0.1092,0.018,0.0922,0.0185,0.0037,0.0,0.0,0.1592,0.0133,0.0278,0.0057,0.0,0.0,0.0,0.0751,0.2972,0.4579,0.1552,0.0327,0.0355,0.0028,1.0
Clarinda,0.0054,0.0067,0.0071,0.0,0.0046,0.0005,0.0397,0.0,0.0,0.0016,0.0,0.0,0.0,0.0047,0.0013,0.0009,0.0011,0.0,0.0,0.0,0.0091,0.0009,0.0,0.001,0.0005,0.0009,0.0,0.0097,0.0044,0.001,0.0021,0.0,0.0013,0.0,0.0197,0.0034,0.0018,0.0037,0.0004,0.0,0.0,0.023,0.002,0.0029,0.0025,0.0005,0.0023,0.0,0.0353,0.0066,0.0131,0.0067,0.0,0.0038,0.0,0.0493,0.0077,0.0197,0.0076,0.0013,0.0029,0.0,0.0594,0.0094,0.0167,0.0051,0.0015,0.0018,0.0,0.0625,0.0046,0.019,0.0029,0.0014,0.0021,0.0,0.0512,0.0158,0.0358,0.0125,0.0018,0.0032,0.0,0.0993,0.0052,0.0254,0.0035,0.0,0.0,0.0,0.0493,0.0052,0.0269,0.0037,0.0,0.0,0.0,0.0517,0.0102,0.0391,0.0082,0.0004,0.0013,0.0,0.0881,0.0207,0.0761,0.0126,0.0019,0.001,0.0,0.143,0.0033,0.0202,0.0042,0.0004,0.0,0.0,0.0354,0.0008,0.0086,0.0008,0.0,0.0004,0.0,0.0183,0.0057,0.0211,0.0107,0.0008,0.0015,0.0005,0.0673,0.2189,0.4481,0.1975,0.0517,0.0808,0.007,1.0
Cranbourne,0.0016,0.0028,0.0006,0.0,0.0007,0.0,0.0134,0.0002,0.0,0.0,0.0002,0.0,0.0,0.002,0.0009,0.0002,0.0,0.0,0.0,0.0,0.0068,0.0013,0.0007,0.0011,0.0002,0.0002,0.0,0.0064,0.0007,0.0008,0.0,0.0,0.0,0.0,0.0084,0.0021,0.0036,0.0007,0.0,0.0007,0.0,0.0177,0.0051,0.0078,0.0021,0.0018,0.0005,0.0003,0.0303,0.0104,0.0261,0.0047,0.0022,0.0015,0.0003,0.0614,0.0117,0.039,0.0052,0.0012,0.0018,0.0,0.0775,0.0175,0.0634,0.0086,0.0035,0.0041,0.0,0.1126,0.0202,0.0685,0.0073,0.0027,0.0003,0.0,0.112,0.0302,0.0903,0.0154,0.0032,0.0007,0.0003,0.1589,0.0115,0.0533,0.0037,0.0008,0.0,0.0,0.0847,0.0091,0.0368,0.0027,0.0004,0.0003,0.0,0.06,0.009,0.0398,0.0062,0.0007,0.0,0.0,0.0695,0.0109,0.0295,0.0055,0.0011,0.0012,0.0,0.0592,0.0011,0.0085,0.0006,0.0,0.0,0.0,0.0163,0.0008,0.0029,0.0,0.0,0.0,0.0,0.0109,0.0088,0.0233,0.0073,0.0014,0.0009,0.0,0.0566,0.2192,0.5449,0.1253,0.0532,0.0487,0.0038,1.0
Croydon,0.0076,0.0039,0.002,0.0,0.0009,0.0,0.0274,0.0005,0.0004,0.0,0.0,0.0,0.0,0.0031,0.0006,0.0007,0.0011,0.0,0.0006,0.0,0.0108,0.0003,0.0017,0.0008,0.0,0.001,0.0,0.0091,0.0014,0.0006,0.0015,0.0004,0.0009,0.0,0.0166,0.0021,0.0064,0.0034,0.0003,0.0019,0.0,0.0307,0.0057,0.0063,0.0078,0.001,0.0032,0.0,0.0449,0.0039,0.014,0.0052,0.0023,0.003,0.0,0.0513,0.0087,0.0187,0.0048,0.0019,0.0038,0.0,0.0571,0.0098,0.0318,0.0067,0.0015,0.0024,0.0,0.073,0.012,0.0314,0.0038,0.0019,0.0019,0.0,0.069,0.0238,0.0554,0.0133,0.0021,0.0007,0.0,0.1122,0.0136,0.032,0.0045,0.0003,0.0004,0.0,0.0707,0.0169,0.0309,0.0019,0.0007,0.0004,0.0,0.0645,0.0253,0.0519,0.0071,0.0003,0.0,0.0003,0.0973,0.0309,0.0628,0.01,0.0017,0.0008,0.0,0.1178,0.004,0.0109,0.0018,0.0004,0.0,0.0,0.0277,0.0022,0.0045,0.0019,0.0,0.0,0.0,0.0135,0.0076,0.0145,0.0063,0.0,0.0004,0.0003,0.0477,0.2648,0.4493,0.1577,0.0518,0.0645,0.0032,1.0
Dandenong,0.0029,0.0048,0.0031,0.0005,0.0024,0.0,0.0361,0.0004,0.0004,0.0004,0.0,0.0,0.0,0.0035,0.0005,0.0005,0.0021,0.0,0.0005,0.0,0.0082,0.0009,0.0009,0.0008,0.0,0.0009,0.0,0.0111,0.0043,0.0017,0.0016,0.0012,0.0,0.0,0.025,0.005,0.006,0.0047,0.0004,0.0004,0.0,0.0387,0.0035,0.0108,0.0028,0.0016,0.0042,0.0,0.0515,0.0126,0.0281,0.005,0.0008,0.0012,0.0,0.0811,0.0087,0.0328,0.0064,0.004,0.0043,0.0,0.0909,0.0106,0.0353,0.0083,0.0013,0.0025,0.0004,0.0917,0.0157,0.0327,0.0024,0.0005,0.0004,0.0,0.0755,0.0149,0.0482,0.0088,0.0005,0.0036,0.0,0.101,0.0028,0.0237,0.0005,0.0,0.0016,0.0,0.0458,0.0028,0.0166,0.0015,0.0009,0.0008,0.0,0.0367,0.0032,0.0194,0.0043,0.0,0.0007,0.0,0.0491,0.0095,0.0186,0.005,0.0008,0.0005,0.0,0.0577,0.0019,0.0042,0.0005,0.0004,0.0004,0.0,0.0133,0.0017,0.0025,0.0004,0.0005,0.0005,0.0,0.0102,0.0108,0.0198,0.007,0.0025,0.0025,0.0,0.0774,0.2221,0.4409,0.172,0.0615,0.0857,0.0066,1.0
Eildon,0.0073,0.0023,0.0014,0.0,0.0,0.0,0.0215,0.0017,0.0,0.0013,0.0,0.0,0.0,0.005,0.0013,0.001,0.0008,0.0012,0.0003,0.0,0.0113,0.0027,0.0006,0.0006,0.0,0.0,0.0,0.0116,0.0053,0.0026,0.0045,0.0,0.0023,0.0,0.0309,0.0093,0.0063,0.0039,0.0008,0.0015,0.0,0.044,0.0148,0.0159,0.0055,0.0008,0.0032,0.0,0.064,0.0114,0.022,0.0057,0.0019,0.002,0.0,0.079,0.0155,0.0257,0.0039,0.0022,0.0028,0.0,0.0778,0.0228,0.0373,0.0058,0.0024,0.0008,0.0,0.0864,0.0102,0.0305,0.0064,0.0012,0.0003,0.0,0.0703,0.0295,0.0465,0.0067,0.0007,0.0012,0.0,0.1061,0.0079,0.0199,0.002,0.0,0.0005,0.0,0.0412,0.0053,0.0128,0.0,0.0,0.0003,0.0,0.0273,0.0143,0.0307,0.0038,0.0,0.0,0.0,0.066,0.0179,0.0277,0.0087,0.0006,0.0,0.0,0.0752,0.0044,0.008,0.0028,0.0,0.0,0.0,0.0232,0.0031,0.006,0.003,0.0005,0.0,0.0,0.0202,0.0116,0.0108,0.0067,0.0007,0.0012,0.0,0.0574,0.3093,0.3969,0.1572,0.0553,0.0592,0.0013,1.0
Eltham,0.0035,0.0035,0.0051,0.0,0.0003,0.0,0.0268,0.0004,0.0003,0.0008,0.0,0.0003,0.0,0.0035,0.002,0.001,0.002,0.0,0.0007,0.0,0.0151,0.0004,0.0015,0.0012,0.0,0.0,0.0,0.0088,0.0,0.0032,0.0026,0.0,0.0003,0.0,0.0148,0.0003,0.0024,0.0043,0.0,0.0007,0.0,0.0241,0.0033,0.0109,0.005,0.0,0.0009,0.0,0.0389,0.0049,0.0053,0.0061,0.0005,0.002,0.0,0.043,0.0031,0.012,0.0057,0.0019,0.001,0.0,0.0426,0.0042,0.0191,0.0057,0.0,0.0019,0.0,0.0507,0.0056,0.0218,0.0013,0.0007,0.0012,0.0,0.0433,0.015,0.0401,0.0159,0.0016,0.0013,0.0,0.0962,0.0056,0.0287,0.0035,0.0005,0.0005,0.0,0.0548,0.0057,0.0261,0.0025,0.0004,0.0005,0.0,0.0472,0.0185,0.0681,0.0055,0.0012,0.0006,0.0,0.1095,0.0335,0.1014,0.0232,0.0008,0.0006,0.0,0.174,0.0055,0.0281,0.0073,0.0004,0.0,0.0,0.0501,0.0032,0.0199,0.0037,0.0,0.0,0.0,0.0385,0.0072,0.0228,0.0053,0.0,0.0008,0.0,0.0546,0.211,0.4935,0.2022,0.0399,0.0511,0.0003,1.0
Essendon,0.0048,0.0085,0.0039,0.0018,0.0,0.0,0.0361,0.0,0.0,0.0005,0.0,0.0,0.0,0.0011,0.0,0.0006,0.0,0.0,0.0,0.0,0.0039,0.0006,0.0012,0.0005,0.0,0.0,0.0,0.0044,0.0011,0.0011,0.0,0.0,0.0,0.0,0.0075,0.0035,0.0011,0.002,0.0005,0.0011,0.0,0.0169,0.0023,0.0066,0.0024,0.0,0.0,0.0,0.0264,0.0098,0.0074,0.0053,0.0005,0.0,0.0,0.0403,0.0097,0.0048,0.0014,0.0009,0.0,0.0,0.0344,0.013,0.0092,0.0026,0.0005,0.0,0.0,0.0358,0.0063,0.0071,0.0011,0.0,0.0,0.0,0.0254,0.0155,0.027,0.0062,0.0015,0.0005,0.0006,0.0835,0.0051,0.0088,0.0,0.0,0.0,0.0,0.0278,0.0054,0.014,0.0,0.0,0.0,0.0,0.0394,0.0112,0.0287,0.003,0.0,0.0,0.0,0.0622,0.0371,0.1016,0.0168,0.0014,0.0024,0.0,0.183,0.01,0.0551,0.0079,0.0008,0.0005,0.0,0.0969,0.0119,0.0735,0.0106,0.0015,0.0,0.0,0.1214,0.0077,0.0257,0.0103,0.0,0.0,0.0,0.0666,0.2672,0.4761,0.1781,0.0326,0.0412,0.0041,1.0
Eureka,0.0057,0.0034,0.0011,0.0,0.0,0.0,0.0228,0.001,0.0003,0.0007,0.0,0.0003,0.0,0.0055,0.0026,0.0009,0.0016,0.0,0.0,0.0,0.0132,0.0009,0.0012,0.0004,0.0,0.0003,0.0,0.0098,0.0045,0.0033,0.0006,0.0,0.0013,0.0,0.0253,0.0108,0.0106,0.0039,0.0015,0.0015,0.0,0.0435,0.0148,0.0199,0.0076,0.0052,0.0004,0.0,0.0696,0.0207,0.0386,0.0106,0.0035,0.0052,0.0,0.0994,0.0188,0.0412,0.0072,0.0014,0.0014,0.0,0.1003,0.0253,0.0555,0.0088,0.0027,0.0003,0.0,0.1108,0.0182,0.0439,0.0038,0.0012,0.0005,0.0,0.0864,0.0241,0.0594,0.0071,0.0019,0.0006,0.0,0.11,0.0086,0.0205,0.0026,0.0,0.0003,0.0,0.0469,0.0038,0.0106,0.0013,0.0003,0.0,0.0,0.0259,0.0094,0.0258,0.0027,0.0,0.0005,0.0,0.0537,0.0137,0.0251,0.004,0.0004,0.0,0.0,0.0534,0.0006,0.0037,0.0011,0.0,0.0,0.0,0.0114,0.0014,0.0022,0.0,0.0,0.0,0.0,0.0067,0.0098,0.014,0.0038,0.0007,0.0013,0.0,0.0566,0.2918,0.4542,0.1402,0.0547,0.0536,0.0028,1.0
Euroa,0.0065,0.0026,0.0,0.0,0.0011,0.0,0.0215,0.0014,0.0006,0.0,0.0,0.0008,0.0,0.0074,0.0061,0.0021,0.0008,0.0,0.001,0.0,0.0213,0.003,0.0008,0.0014,0.0,0.0006,0.0,0.0195,0.0158,0.0078,0.0006,0.0017,0.001,0.0,0.05,0.0222,0.0169,0.0047,0.0028,0.0023,0.0,0.0819,0.0206,0.0213,0.007,0.0018,0.0022,0.0,0.0922,0.0253,0.0307,0.0106,0.0017,0.0028,0.0,0.1023,0.029,0.0235,0.0039,0.0014,0.0015,0.0,0.0962,0.0264,0.0377,0.0065,0.0019,0.0021,0.0,0.0943,0.0153,0.0191,0.0056,0.001,0.0007,0.0,0.0595,0.0173,0.0341,0.0074,0.0006,0.0,0.0,0.0757,0.0017,0.0077,0.0004,0.0003,0.0,0.0,0.0202,0.0012,0.0041,0.0007,0.0,0.0,0.0,0.0085,0.0076,0.0129,0.0055,0.0006,0.0,0.0,0.0414,0.0099,0.0171,0.003,0.0,0.0,0.0,0.0377,0.0028,0.0023,0.0008,0.0,0.0,0.0,0.0096,0.0011,0.0017,0.0004,0.0,0.0,0.0,0.0096,0.0168,0.0098,0.0025,0.0017,0.001,0.0,0.0547,0.3512,0.3687,0.1491,0.058,0.0669,0.0025,1.0
Evelyn,0.0062,0.0034,0.0032,0.0,0.0007,0.0,0.0258,0.0015,0.0,0.0,0.0,0.0,0.0,0.0046,0.0017,0.0007,0.0005,0.0,0.0004,0.0,0.0101,0.0018,0.0003,0.0004,0.0005,0.0,0.0,0.0088,0.0024,0.0017,0.0015,0.0003,0.0005,0.0,0.0163,0.0031,0.003,0.006,0.0,0.0009,0.0,0.0298,0.0062,0.0077,0.0044,0.0004,0.0008,0.0004,0.0325,0.0043,0.0145,0.0086,0.0006,0.0012,0.0,0.0484,0.0088,0.0204,0.0079,0.0011,0.0007,0.0,0.0574,0.0112,0.0311,0.0109,0.0006,0.002,0.0,0.0748,0.0106,0.0351,0.0042,0.0003,0.0011,0.0,0.0696,0.0245,0.0587,0.016,0.0022,0.0009,0.0,0.1148,0.0133,0.0298,0.0029,0.0006,0.0003,0.0,0.059,0.0172,0.0305,0.0018,0.0,0.0,0.0003,0.0605,0.02,0.059,0.0108,0.0003,0.0003,0.0,0.1067,0.0238,0.0622,0.0095,0.0004,0.0,0.0,0.1124,0.003,0.0088,0.0038,0.0,0.0,0.0,0.0237,0.0018,0.0036,0.0018,0.0,0.0,0.0,0.0149,0.0113,0.0184,0.0119,0.0005,0.0003,0.0,0.0636,0.257,0.4502,0.1846,0.0399,0.0582,0.0024,1.0
Footscray,0.0043,0.009,0.0039,0.0,0.0015,0.0004,0.037,0.0,0.0,0.0007,0.0,0.0,0.0,0.0024,0.0,0.0005,0.0012,0.0,0.0,0.0,0.0036,0.0005,0.0,0.0,0.0,0.0,0.0,0.0032,0.0016,0.0,0.0007,0.0,0.0004,0.0,0.0093,0.0052,0.0016,0.0008,0.0,0.0004,0.0,0.0185,0.0021,0.0044,0.0027,0.0008,0.0005,0.0004,0.0292,0.0094,0.0107,0.002,0.0009,0.0,0.0004,0.0414,0.0105,0.0172,0.0005,0.0009,0.0004,0.0,0.0455,0.0165,0.0131,0.0024,0.0015,0.0008,0.0,0.05,0.0114,0.0095,0.0005,0.0004,0.0,0.0,0.0394,0.0322,0.0373,0.0058,0.0013,0.0013,0.0005,0.0948,0.0139,0.0147,0.0,0.0,0.0,0.0,0.0515,0.0107,0.0193,0.0016,0.0005,0.0,0.0,0.0469,0.0333,0.042,0.0013,0.0,0.0008,0.0,0.1003,0.0501,0.0988,0.0071,0.0019,0.0011,0.0,0.1777,0.0154,0.0373,0.0025,0.0,0.0,0.0,0.0743,0.007,0.0237,0.0019,0.0012,0.0,0.0,0.0483,0.0071,0.0095,0.0036,0.0,0.0024,0.0,0.0416,0.3308,0.4544,0.1014,0.0442,0.0453,0.005,1.0
Frankston,0.0039,0.0026,0.0005,0.0,0.0014,0.0,0.0183,0.0004,0.0,0.0,0.0,0.0004,0.0,0.0037,0.0014,0.0,0.0,0.0,0.0,0.0,0.0066,0.0011,0.0,0.0,0.0007,0.0,0.0,0.0087,0.0019,0.0008,0.0028,0.0005,0.0,0.0,0.0167,0.0049,0.0026,0.0024,0.0005,0.0009,0.0,0.0305,0.0073,0.0087,0.0032,0.0019,0.0024,0.0,0.0474,0.0073,0.0181,0.0038,0.0007,0.0022,0.0,0.0605,0.0107,0.0225,0.0053,0.0007,0.0023,0.0,0.0697,0.0127,0.0314,0.0037,0.0038,0.0031,0.0,0.0784,0.0129,0.0299,0.0028,0.0015,0.0012,0.0,0.0727,0.0283,0.0471,0.0084,0.0004,0.0004,0.0,0.1116,0.0099,0.0267,0.0016,0.0004,0.0004,0.0,0.0565,0.0081,0.0126,0.0018,0.0,0.0,0.0,0.0363,0.0184,0.0362,0.0058,0.0005,0.0,0.0,0.0785,0.019,0.0473,0.0062,0.0004,0.0007,0.0,0.0947,0.0031,0.0088,0.0032,0.0,0.0,0.0,0.0223,0.0023,0.0085,0.0032,0.0004,0.0,0.0,0.0194,0.0112,0.0125,0.0022,0.0011,0.0004,0.0,0.0557,0.288,0.4252,0.1408,0.0617,0.0681,0.0031,1.0
Geelong,0.0059,0.0052,0.0029,0.0,0.0009,0.0,0.0266,0.0009,0.0,0.0,0.0,0.0,0.0,0.0034,0.002,0.0007,0.0004,0.0,0.0005,0.0,0.0105,0.0016,0.0008,0.0005,0.0,0.0005,0.0,0.0084,0.0042,0.0043,0.0029,0.0004,0.0017,0.0,0.0233,0.0054,0.0073,0.0025,0.0,0.0005,0.0,0.0309,0.0114,0.0158,0.0017,0.0,0.0009,0.0,0.0535,0.0152,0.0281,0.003,0.0031,0.0042,0.0,0.0746,0.0133,0.0275,0.0047,0.0033,0.0024,0.0,0.076,0.0215,0.0385,0.0031,0.002,0.0016,0.0,0.0973,0.0179,0.026,0.0034,0.0004,0.0,0.0,0.0577,0.0259,0.0502,0.008,0.0017,0.0012,0.0,0.1052,0.0063,0.0186,0.0031,0.0,0.0005,0.0,0.0421,0.0047,0.0158,0.0,0.0,0.0,0.0,0.0317,0.0082,0.0395,0.0027,0.0,0.0,0.0,0.0671,0.0139,0.0446,0.0038,0.0005,0.0,0.0,0.0822,0.0021,0.0144,0.0007,0.0,0.0,0.0,0.0305,0.0014,0.0095,0.0008,0.0,0.0,0.0,0.0217,0.0081,0.0158,0.0064,0.0018,0.0007,0.0,0.0513,0.2838,0.4644,0.1316,0.0493,0.0518,0.0038,1.0
Gippsland East,0.0083,0.0019,0.0019,0.0,0.0005,0.0,0.0239,0.0041,0.0023,0.0,0.0,0.0,0.0,0.0068,0.0104,0.001,0.0008,0.0005,0.0,0.0,0.0229,0.0054,0.0028,0.0,0.0006,0.0006,0.0,0.0195,0.0148,0.0127,0.0045,0.0013,0.0024,0.0,0.0573,0.0208,0.0287,0.0102,0.0024,0.0005,0.0,0.0906,0.0226,0.0344,0.0052,0.0031,0.0015,0.0,0.1101,0.0357,0.0471,0.0117,0.0031,0.0024,0.0,0.1256,0.0229,0.0424,0.0042,0.0031,0.0,0.0,0.0997,0.0153,0.0417,0.007,0.0015,0.0006,0.0,0.0907,0.0106,0.0221,0.0018,0.0,0.0,0.0,0.0406,0.0156,0.0255,0.0045,0.0,0.0005,0.0,0.063,0.0021,0.0065,0.0,0.0,0.0,0.0,0.0144,0.0006,0.0044,0.0,0.0,0.0,0.0,0.0067,0.0054,0.0058,0.0013,0.0,0.0,0.0,0.0213,0.0039,0.0083,0.0005,0.0,0.0,0.0,0.0255,0.0005,0.0013,0.0008,0.0,0.0,0.0,0.0055,0.0006,0.0029,0.0005,0.0,0.0,0.0,0.0071,0.0133,0.0143,0.0011,0.0,0.0,0.0,0.0489,0.3406,0.408,0.1388,0.0589,0.0406,0.001,1.0
Gippsland South,0.0113,0.0056,0.0029,0.0,0.0,0.0,0.0318,0.0025,0.0,0.0,0.0,0.0,0.0,0.0043,0.0065,0.0,0.0012,0.0,0.0,0.0,0.0213,0.0065,0.0013,0.0013,0.0,0.0012,0.0,0.0244,0.0126,0.0084,0.0025,0.0016,0.001,0.0,0.0518,0.0224,0.0194,0.0074,0.0025,0.0017,0.0,0.0787,0.0271,0.0318,0.0058,0.0062,0.002,0.0,0.1062,0.0275,0.0409,0.0058,0.0036,0.0017,0.0,0.1075,0.0174,0.0422,0.0107,0.0041,0.0006,0.0,0.1052,0.015,0.0418,0.0064,0.0016,0.0006,0.0,0.0953,0.0081,0.0211,0.0022,0.0004,0.0,0.0,0.0508,0.0119,0.0354,0.0061,0.0,0.0,0.0,0.072,0.0027,0.0087,0.0004,0.0,0.0,0.0,0.0208,0.0026,0.0051,0.001,0.0,0.0,0.0,0.0159,0.0069,0.0077,0.0016,0.0,0.0,0.0,0.0336,0.0081,0.0127,0.001,0.0004,0.0,0.0,0.0343,0.0,0.0054,0.0,0.0,0.0,0.0,0.0084,0.0013,0.0016,0.0004,0.0,0.0,0.0,0.0082,0.0132,0.0161,0.0029,0.002,0.001,0.0,0.0576,0.3168,0.4034,0.1461,0.0618,0.0454,0.0041,1.0
Glen Waverley,0.0113,0.0087,0.014,0.0,0.002,0.0,0.0605,0.0004,0.0004,0.0,0.0,0.0,0.0,0.0041,0.0007,0.0,0.0018,0.0,0.0,0.0,0.007,0.0,0.0013,0.0007,0.0,0.0,0.0,0.0067,0.0018,0.0011,0.0021,0.0,0.0,0.0,0.0111,0.0006,0.0034,0.0025,0.0,0.0004,0.0,0.0126,0.0034,0.0029,0.0039,0.0,0.0,0.0,0.0238,0.0022,0.0035,0.0022,0.0,0.0,0.0,0.0216,0.002,0.0058,0.0053,0.0007,0.0,0.0,0.0242,0.0013,0.0081,0.0054,0.0011,0.0012,0.0,0.0393,0.0014,0.0084,0.0018,0.0,0.0,0.0,0.0202,0.008,0.0317,0.0142,0.0,0.0005,0.0,0.0824,0.0021,0.012,0.0033,0.0,0.0005,0.0,0.0341,0.0029,0.014,0.0038,0.0004,0.0,0.0,0.0419,0.007,0.0283,0.0053,0.0,0.0022,0.0,0.0648,0.0247,0.0968,0.0237,0.0027,0.0009,0.0,0.1816,0.0127,0.0538,0.0073,0.0013,0.0008,0.0,0.1018,0.0085,0.0441,0.0097,0.0019,0.0013,0.0,0.0892,0.006,0.0245,0.0091,0.0008,0.0013,0.0,0.0641,0.1906,0.4582,0.2431,0.0321,0.0538,0.0019,1.0
Greenvale,0.0028,0.0065,0.0066,0.0,0.0013,0.0,0.0332,0.0005,0.0003,0.0011,0.0,0.0,0.0,0.0044,0.003,0.0003,0.0011,0.0,0.001,0.0,0.0136,0.0016,0.0004,0.0012,0.0,0.0004,0.0,0.0098,0.0014,0.0028,0.0037,0.0003,0.0017,0.0,0.0206,0.0043,0.0047,0.0031,0.0,0.0016,0.0,0.0294,0.0044,0.0127,0.0089,0.0015,0.0028,0.0,0.0499,0.0065,0.0204,0.0142,0.0022,0.0056,0.0,0.0709,0.0076,0.038,0.0128,0.0015,0.0022,0.0,0.0853,0.0103,0.0403,0.0102,0.0015,0.0015,0.0,0.0906,0.0102,0.0343,0.0103,0.0011,0.0023,0.0,0.0711,0.0194,0.0624,0.0238,0.0031,0.0025,0.0,0.1274,0.0057,0.0227,0.0032,0.0009,0.0005,0.0,0.045,0.0036,0.0219,0.0013,0.0,0.0,0.0,0.0409,0.0065,0.0236,0.0079,0.0008,0.0,0.0,0.0508,0.0111,0.0326,0.0101,0.0009,0.0007,0.0,0.0711,0.0015,0.011,0.0037,0.0,0.0,0.0,0.022,0.0008,0.0061,0.0018,0.0,0.0004,0.0,0.0132,0.0109,0.0267,0.0133,0.0018,0.0012,0.0,0.078,0.1846,0.4361,0.2294,0.0543,0.0759,0.0022,1.0
Hastings,0.0057,0.0019,0.0038,0.0,0.0,0.0,0.0295,0.0,0.0,0.0004,0.0,0.0,0.0,0.0053,0.0028,0.0007,0.001,0.0,0.0,0.0,0.0139,0.0,0.0,0.0003,0.0,0.0005,0.0,0.0085,0.0051,0.0015,0.0018,0.001,0.0011,0.0,0.0203,0.0078,0.0046,0.0029,0.001,0.0051,0.0,0.0356,0.0093,0.0055,0.0054,0.002,0.0032,0.0,0.0444,0.0123,0.0199,0.0078,0.0037,0.0038,0.0,0.0657,0.0195,0.0253,0.0065,0.0017,0.0034,0.0,0.0752,0.021,0.0406,0.0083,0.0021,0.0022,0.0,0.0957,0.0206,0.0328,0.0053,0.0028,0.0,0.0,0.0757,0.0283,0.0552,0.0114,0.0011,0.0017,0.0,0.1197,0.0143,0.0282,0.0023,0.0,0.0004,0.0,0.0595,0.009,0.0191,0.0012,0.0006,0.0,0.0,0.0394,0.0154,0.041,0.007,0.0009,0.0005,0.0,0.0817,0.0158,0.0416,0.0091,0.0,0.0004,0.0,0.0812,0.0036,0.0104,0.0016,0.0003,0.0,0.0,0.0264,0.0041,0.0054,0.0014,0.0,0.0,0.0,0.0153,0.0074,0.0195,0.0072,0.0016,0.0007,0.0,0.056,0.2751,0.4261,0.1637,0.0537,0.0597,0.0031,1.0
Hawthorn,0.006,0.009,0.0052,0.0,0.0011,0.0,0.0532,0.0005,0.0,0.0,0.0,0.0,0.0,0.0025,0.0008,0.0,0.0006,0.0,0.0,0.0,0.0052,0.0005,0.0,0.0,0.0,0.0,0.0,0.0036,0.0,0.0,0.0005,0.0,0.0,0.0,0.0036,0.0013,0.0,0.0,0.0,0.0,0.0,0.0076,0.0033,0.0027,0.0011,0.0,0.0,0.0,0.0158,0.0028,0.0011,0.0011,0.0,0.0,0.0,0.0123,0.0054,0.0049,0.0024,0.0,0.0,0.0,0.0229,0.0076,0.0027,0.0011,0.0,0.0,0.0,0.0278,0.0035,0.0039,0.0,0.0,0.0,0.0,0.0161,0.0164,0.015,0.0058,0.0,0.0,0.0,0.0623,0.0028,0.0028,0.0005,0.0,0.0,0.0,0.0145,0.0066,0.0068,0.0005,0.0,0.0,0.0,0.029,0.0062,0.0117,0.0038,0.0,0.0,0.0,0.0341,0.0219,0.0625,0.0191,0.0013,0.0,0.0,0.1255,0.0099,0.0593,0.0159,0.0005,0.0005,0.0,0.1133,0.0312,0.157,0.0402,0.0055,0.0032,0.0,0.2586,0.009,0.0208,0.0092,0.0016,0.0025,0.0,0.0713,0.2433,0.4518,0.199,0.0339,0.0428,0.0009,1.0
Ivanhoe,0.0023,0.0039,0.0055,0.0,0.0012,0.0,0.04,0.0,0.0,0.0,0.0,0.0,0.0,0.0019,0.0004,0.0,0.0006,0.0,0.0,0.0,0.0101,0.0007,0.0,0.0,0.0,0.0,0.0,0.003,0.0004,0.0004,0.0022,0.0006,0.0009,0.0,0.0077,0.001,0.0035,0.0017,0.0,0.0,0.0,0.0175,0.0013,0.0059,0.0029,0.0004,0.0004,0.0,0.0288,0.0033,0.007,0.0045,0.0,0.001,0.0,0.0311,0.007,0.0098,0.0006,0.0006,0.0012,0.0,0.0342,0.0084,0.0132,0.0004,0.0,0.0006,0.0,0.0411,0.0052,0.0116,0.001,0.0004,0.0004,0.0,0.0342,0.0174,0.0368,0.0068,0.0006,0.0009,0.0,0.0831,0.0059,0.0168,0.0009,0.0,0.0,0.0,0.0413,0.0122,0.0206,0.0,0.0007,0.0,0.0,0.0465,0.0151,0.0448,0.0052,0.0,0.0006,0.0,0.0833,0.0324,0.0976,0.0184,0.0019,0.0,0.0,0.1599,0.0098,0.0387,0.0068,0.0,0.0006,0.0,0.0773,0.0064,0.0562,0.0129,0.0,0.0,0.0,0.101,0.0078,0.0203,0.0055,0.0,0.0004,0.0,0.0546,0.2354,0.4968,0.1722,0.0397,0.0529,0.0019,1.0
Kalkallo,0.0025,0.0039,0.0011,0.0,0.0,0.0,0.0147,0.0002,0.0,0.0,0.0,0.0,0.0,0.0017,0.0006,0.0002,0.0005,0.0,0.0004,0.0,0.0041,0.0,0.0,0.0004,0.0,0.0,0.0,0.003,0.0009,0.001,0.0003,0.0,0.0011,0.0,0.0076,0.002,0.0025,0.0019,0.0003,0.0005,0.0,0.0167,0.0023,0.01,0.0018,0.0002,0.001,0.0,0.0302,0.0068,0.0232,0.0037,0.0025,0.0035,0.0002,0.056,0.0109,0.0392,0.0053,0.0015,0.0023,0.0,0.0792,0.0204,0.0712,0.0081,0.003,0.0019,0.0,0.1224,0.0222,0.0693,0.0064,0.0039,0.0021,0.0,0.1197,0.0312,0.0994,0.0124,0.0019,0.0014,0.0002,0.1587,0.0151,0.0455,0.0022,0.0002,0.0003,0.0,0.0802,0.0078,0.0336,0.0018,0.0008,0.0004,0.0,0.0538,0.0068,0.032,0.0038,0.0,0.0003,0.0,0.0573,0.0088,0.0341,0.0077,0.0003,0.0003,0.0,0.0598,0.0011,0.0052,0.001,0.0,0.0,0.0,0.0158,0.0021,0.0076,0.0009,0.0003,0.0,0.0,0.0186,0.0108,0.0323,0.007,0.001,0.0008,0.0003,0.0625,0.2085,0.5662,0.1232,0.0455,0.0468,0.0042,1.0
Kew,0.0123,0.0137,0.013,0.0,0.0032,0.0,0.0661,0.0006,0.0,0.0,0.0,0.0,0.0,0.0026,0.0006,0.0,0.0008,0.0,0.0,0.0,0.0053,0.0011,0.0,0.0,0.0,0.0,0.0,0.0036,0.0006,0.0,0.0004,0.0,0.0,0.0,0.0032,0.0006,0.0008,0.002,0.0,0.0,0.0,0.0054,0.001,0.0011,0.002,0.0,0.0,0.0,0.0131,0.0008,0.0014,0.001,0.0004,0.0006,0.0,0.0188,0.0008,0.0026,0.0032,0.0006,0.0008,0.0,0.0148,0.0021,0.0028,0.0014,0.0,0.0,0.0,0.018,0.0017,0.0033,0.0011,0.0,0.0,0.0,0.013,0.0059,0.0145,0.0067,0.0008,0.0008,0.0,0.0538,0.0031,0.002,0.0,0.0,0.0,0.0,0.0155,0.0007,0.0038,0.0008,0.0004,0.0,0.0,0.0188,0.0084,0.0102,0.0039,0.0,0.0,0.0,0.039,0.0183,0.0587,0.0223,0.0022,0.001,0.0006,0.1333,0.0096,0.0561,0.0142,0.0026,0.0,0.0,0.1092,0.0261,0.1636,0.0537,0.0114,0.0075,0.0,0.2832,0.0092,0.0273,0.0134,0.0004,0.0022,0.0,0.0811,0.1921,0.4442,0.233,0.0591,0.0602,0.0018,1.0
Kororoit,0.0026,0.0081,0.0027,0.0004,0.0005,0.0,0.0327,0.0003,0.0007,0.0004,0.0,0.0,0.0,0.0056,0.0007,0.0015,0.0003,0.0,0.001,0.0,0.0088,0.0003,0.0004,0.0009,0.0,0.0,0.0,0.0061,0.0015,0.0015,0.0008,0.0005,0.0009,0.0,0.0161,0.0003,0.0068,0.0035,0.0,0.0008,0.0,0.0251,0.0034,0.0139,0.0029,0.0003,0.002,0.0,0.0453,0.0069,0.0254,0.0058,0.0023,0.0016,0.0,0.0649,0.0056,0.0352,0.0068,0.0023,0.0022,0.0,0.0711,0.0108,0.0458,0.0081,0.0026,0.0032,0.0003,0.0932,0.0093,0.0413,0.0028,0.0015,0.0011,0.0,0.0747,0.0205,0.0799,0.0145,0.0045,0.0018,0.0,0.141,0.0074,0.0374,0.0054,0.0017,0.0004,0.0,0.0632,0.0073,0.0276,0.0024,0.0003,0.0,0.0,0.0489,0.0108,0.0338,0.0076,0.0008,0.0012,0.0,0.0651,0.0125,0.0367,0.0134,0.0003,0.0013,0.0,0.076,0.0022,0.0108,0.0019,0.0,0.0,0.0,0.0205,0.0009,0.0073,0.0015,0.0003,0.0,0.0,0.0139,0.0084,0.0315,0.007,0.001,0.0015,0.0,0.0705,0.1951,0.5071,0.1586,0.0588,0.0649,0.005,1.0
Lara,0.0037,0.0026,0.0017,0.0,0.0,0.0,0.0191,0.0,0.0,0.0,0.0,0.0,0.0,0.0034,0.0024,0.0004,0.0019,0.0,0.0,0.0,0.0108,0.0022,0.0,0.0004,0.0,0.0007,0.0,0.0096,0.0037,0.0027,0.0037,0.0,0.0004,0.0,0.03,0.007,0.0108,0.0052,0.0006,0.0034,0.0,0.0503,0.0135,0.0222,0.0119,0.0011,0.0019,0.0,0.0738,0.0258,0.0323,0.011,0.0006,0.0053,0.0,0.0968,0.0195,0.0313,0.0115,0.0033,0.0017,0.0,0.0948,0.0209,0.0467,0.0113,0.0036,0.002,0.0,0.1037,0.0191,0.0338,0.0039,0.0007,0.0006,0.0,0.0716,0.0245,0.0446,0.0096,0.0023,0.001,0.0,0.1077,0.0086,0.0181,0.0006,0.0,0.0,0.0,0.038,0.0024,0.0105,0.001,0.0006,0.0,0.0,0.0209,0.0082,0.0188,0.0023,0.0,0.0,0.0,0.0447,0.0053,0.0206,0.0046,0.0,0.0,0.0,0.0459,0.0013,0.0079,0.0009,0.0,0.0,0.0,0.0129,0.0004,0.0024,0.0,0.0,0.0,0.0,0.0062,0.0076,0.0171,0.0062,0.0009,0.0006,0.0,0.0513,0.2787,0.4117,0.1709,0.0628,0.0655,0.0043,1.0
Laverton,0.0017,0.008,0.0026,0.0003,0.0005,0.0,0.025,0.0,0.0,0.0,0.0,0.0,0.0,0.0,0.0011,0.0,0.0,0.0,0.0004,0.0,0.0063,0.0015,0.0008,0.0003,0.0004,0.0,0.0,0.0069,0.0008,0.0022,0.0013,0.0,0.0003,0.0,0.0111,0.0009,0.0056,0.0009,0.0008,0.0009,0.0,0.0199,0.003,0.0102,0.002,0.0007,0.0012,0.0,0.0346,0.0047,0.0239,0.004,0.0012,0.0014,0.0,0.0601,0.0105,0.0374,0.0025,0.0014,0.001,0.0,0.0735,0.0142,0.0517,0.0033,0.0031,0.0023,0.0005,0.0933,0.0166,0.0508,0.0023,0.0011,0.0007,0.0,0.0924,0.0215,0.0846,0.0083,0.0025,0.0018,0.0,0.1446,0.0132,0.0428,0.0011,0.0007,0.0004,0.0,0.0754,0.0084,0.0347,0.0027,0.0009,0.0,0.0,0.0578,0.0089,0.0345,0.0039,0.0007,0.0003,0.0,0.065,0.0115,0.0452,0.0042,0.0004,0.0009,0.0,0.0801,0.0031,0.0123,0.0023,0.0,0.0,0.0,0.0227,0.0016,0.0063,0.0,0.0,0.0,0.0,0.0147,0.0092,0.0336,0.0024,0.0003,0.002,0.0,0.0663,0.2217,0.5578,0.1077,0.0572,0.0475,0.0078,1.0
Lowan,0.0119,0.0104,0.0016,0.0006,0.0,0.0,0.0388,0.0014,0.0005,0.0005,0.0,0.0005,0.0,0.0067,0.0138,0.0024,0.0005,0.001,0.001,0.0,0.0327,0.0135,0.0082,0.0006,0.001,0.0016,0.0,0.0511,0.0333,0.0263,0.0046,0.0075,0.0022,0.0,0.0996,0.0208,0.0421,0.0056,0.007,0.003,0.0,0.1237,0.0304,0.0485,0.0066,0.0027,0.0045,0.0,0.119,0.0199,0.0381,0.0088,0.0021,0.0005,0.0,0.1038,0.0075,0.025,0.0029,0.0014,0.0,0.0,0.0602,0.0138,0.0244,0.003,0.0,0.0,0.0,0.0527,0.0042,0.0107,0.0006,0.0,0.0,0.0,0.0216,0.0046,0.017,0.0038,0.0,0.0,0.0,0.0328,0.0013,0.0029,0.0,0.0,0.0,0.0,0.0101,0.0005,0.0,0.0,0.0,0.0,0.0,0.0019,0.0024,0.0066,0.0,0.0,0.0,0.0,0.0133,0.0014,0.008,0.0,0.0,0.0,0.0,0.0165,0.0,0.0005,0.0,0.0,0.0,0.0,0.0022,0.0008,0.0006,0.0,0.0,0.0,0.0,0.0062,0.0104,0.0067,0.0027,0.0,0.0006,0.0,0.046,0.3225,0.4117,0.1291,0.0575,0.0449,0.0019,1.0
Macedon,0.0063,0.0021,0.0,0.0,0.0012,0.0,0.0192,0.0012,0.0003,0.0003,0.0,0.0,0.0,0.0044,0.003,0.0006,0.0009,0.0,0.0004,0.0,0.0127,0.0007,0.0,0.0008,0.0,0.0007,0.0,0.0089,0.0053,0.0028,0.0024,0.0,0.0006,0.0,0.0226,0.0071,0.0066,0.0017,0.0009,0.0,0.0,0.0357,0.0093,0.0116,0.0045,0.0028,0.0011,0.0,0.0483,0.0104,0.0191,0.0051,0.0024,0.001,0.0,0.0632,0.0125,0.0257,0.004,0.0022,0.0026,0.0,0.062,0.0173,0.0355,0.0092,0.0033,0.0017,0.0,0.08,0.01,0.0351,0.0034,0.0013,0.0004,0.0,0.0675,0.0294,0.0481,0.0108,0.0022,0.0017,0.0,0.1101,0.0116,0.0276,0.0021,0.0004,0.0,0.0,0.0531,0.0068,0.0198,0.0018,0.0,0.0,0.0,0.0419,0.0157,0.0391,0.0028,0.0004,0.0,0.0,0.0789,0.0281,0.0511,0.0083,0.0011,0.0003,0.0,0.107,0.0072,0.0149,0.0025,0.0,0.0,0.0,0.0385,0.0077,0.0118,0.0004,0.0,0.0,0.0,0.033,0.0116,0.015,0.0079,0.0,0.0003,0.0,0.0527,0.2981,0.4521,0.1504,0.0467,0.0408,0.0015,1.0
Malvern,0.0117,0.01,0.0039,0.0012,0.0011,0.0,0.0562,0.0005,0.0,0.0,0.0,0.0,0.0,0.0016,0.0,0.0007,0.0005,0.0,0.0,0.0,0.0053,0.0021,0.0005,0.0,0.0,0.0,0.0,0.0021,0.0,0.0,0.0007,0.0,0.0,0.0,0.0035,0.0018,0.0005,0.0007,0.0,0.0,0.0,0.01,0.0021,0.003,0.0005,0.0,0.0,0.0,0.0114,0.0019,0.0039,0.0005,0.0,0.0,0.0,0.0098,0.0035,0.0046,0.0016,0.0005,0.0,0.0,0.0187,0.006,0.0005,0.0007,0.0,0.0009,0.0,0.0159,0.0047,0.0042,0.0,0.0,0.0,0.0,0.0222,0.0131,0.0082,0.0081,0.0007,0.0,0.0,0.0547,0.003,0.0033,0.0005,0.0,0.0,0.0,0.0145,0.0095,0.003,0.0005,0.0,0.0,0.0,0.0266,0.0089,0.0109,0.0011,0.0,0.0,0.0,0.0319,0.0298,0.0671,0.0175,0.0007,0.0011,0.0,0.1343,0.01,0.0469,0.014,0.0009,0.0009,0.0,0.0963,0.0403,0.1641,0.0525,0.0039,0.0028,0.0,0.2852,0.0147,0.0238,0.0091,0.0,0.0011,0.0,0.08,0.2601,0.4241,0.1909,0.038,0.0429,0.003,1.0
Melbourne,0.0096,0.0026,0.0,0.0,0.0008,0.0,0.0258,0.0,0.0,0.0,0.0,0.0,0.0,0.0006,0.0,0.0006,0.0,0.0,0.0,0.0,0.0018,0.002,0.0,0.0,0.001,0.0,0.0,0.0046,0.0012,0.0006,0.0014,0.0,0.0,0.0,0.0042,0.003,0.0014,0.0,0.0,0.0,0.0,0.0068,0.0054,0.0028,0.0012,0.0,0.0,0.0,0.0224,0.0156,0.004,0.0,0.0,0.0,0.0,0.0376,0.0214,0.0042,0.0,0.0,0.0,0.0,0.0444,0.0226,0.0088,0.0008,0.0008,0.0,0.0,0.0578,0.0182,0.0086,0.0,0.0,0.0,0.0,0.045,0.0288,0.0146,0.0016,0.0,0.0008,0.0006,0.0816,0.0084,0.0084,0.0006,0.0,0.0,0.0,0.0288,0.0162,0.0044,0.0,0.0,0.0,0.0,0.0332,0.0238,0.0158,0.0012,0.0006,0.0,0.0,0.0596,0.0468,0.043,0.0,0.0014,0.0,0.0,0.1275,0.0174,0.0182,0.0034,0.0014,0.0,0.0,0.062,0.024,0.0234,0.0044,0.0,0.0,0.0,0.0746,0.012,0.0062,0.0006,0.0,0.0,0.0,0.0384,0.4924,0.2889,0.0682,0.0344,0.0332,0.014,1.0
Melton,0.0022,0.0027,0.0014,0.0003,0.0,0.0,0.0192,0.0005,0.0,0.0003,0.0,0.0,0.0,0.002,0.0039,0.0,0.0009,0.0,0.0006,0.0,0.0087,0.0013,0.0003,0.0003,0.0,0.0004,0.0,0.0063,0.0034,0.0022,0.0011,0.0006,0.0016,0.0,0.0173,0.0067,0.0082,0.0036,0.0005,0.0012,0.0,0.038,0.0094,0.02,0.0043,0.0017,0.002,0.0,0.057,0.0167,0.0362,0.0083,0.0041,0.0035,0.0,0.095,0.0184,0.0582,0.009,0.0029,0.002,0.0004,0.1154,0.0263,0.076,0.0096,0.0032,0.0012,0.0,0.1381,0.024,0.069,0.0048,0.0012,0.0012,0.0,0.1081,0.0225,0.0604,0.0075,0.003,0.0004,0.0,0.1146,0.0079,0.0254,0.0023,0.0,0.0,0.0,0.0443,0.002,0.0099,0.0004,0.0,0.0,0.0,0.0196,0.0035,0.0173,0.0019,0.0007,0.0,0.0,0.0355,0.0053,0.0202,0.0046,0.0,0.0,0.0,0.0397,0.0008,0.0066,0.0006,0.0,0.0,0.0,0.0139,0.0004,0.0031,0.0,0.0,0.0,0.0,0.0085,0.0074,0.0229,0.0049,0.0021,0.001,0.0,0.0612,0.2337,0.5017,0.1239,0.0674,0.0598,0.0036,1.0
Mildura,0.0087,0.0032,0.0012,0.0,0.0005,0.0,0.0204,0.0014,0.0,0.0,0.0,0.0,0.0,0.0057,0.0063,0.002,0.0012,0.0,0.0005,0.0,0.0228,0.0046,0.0021,0.0031,0.0011,0.0005,0.0,0.0254,0.0211,0.0196,0.0054,0.0023,0.0017,0.0,0.0666,0.0199,0.0328,0.0044,0.0029,0.0006,0.0,0.0947,0.027,0.0568,0.0098,0.0072,0.0043,0.0,0.1325,0.026,0.0526,0.0129,0.0057,0.0029,0.0,0.131,0.0201,0.036,0.0049,0.0018,0.0008,0.0,0.0847,0.0165,0.0323,0.0097,0.0011,0.0,0.0,0.0728,0.0054,0.0136,0.004,0.0,0.0014,0.0,0.0392,0.0077,0.0216,0.004,0.0006,0.0,0.0,0.0529,0.0018,0.0028,0.0,0.0,0.0,0.0,0.0086,0.0,0.0017,0.0,0.0,0.0,0.0,0.0054,0.0015,0.008,0.0025,0.0,0.0,0.0,0.0193,0.0021,0.0066,0.0015,0.0005,0.0,0.0,0.0221,0.0008,0.0023,0.0011,0.0,0.0,0.0,0.0064,0.0,0.0,0.0006,0.0,0.0,0.0,0.0029,0.0109,0.0086,0.0066,0.0005,0.0005,0.0,0.0582,0.2939,0.4123,0.148,0.0624,0.0533,0.0023,1.0
Mill Park,0.0049,0.0052,0.0049,0.0006,0.0003,0.0,0.0291,0.0,0.0003,0.0011,0.0,0.0,0.0,0.0029,0.0,0.0014,0.0017,0.0,0.0006,0.0,0.0132,0.002,0.0,0.0006,0.0006,0.0,0.0,0.0066,0.0007,0.0032,0.0008,0.0,0.0008,0.0,0.0159,0.003,0.0053,0.0057,0.0008,0.002,0.0,0.0357,0.0039,0.0103,0.0098,0.0014,0.0026,0.0,0.047,0.0091,0.0191,0.0074,0.0012,0.0015,0.0,0.0653,0.0125,0.0307,0.0094,0.0,0.0032,0.0,0.0714,0.0116,0.0475,0.0086,0.0015,0.0024,0.0,0.0936,0.0119,0.0382,0.007,0.0008,0.0022,0.0004,0.0776,0.02,0.0681,0.0219,0.0024,0.0017,0.0,0.129,0.0082,0.0221,0.0021,0.0,0.0004,0.0,0.0446,0.0034,0.0212,0.0038,0.0,0.0,0.0,0.0461,0.0068,0.0306,0.0099,0.0,0.0,0.0,0.0662,0.0059,0.0302,0.0094,0.0,0.0008,0.0,0.0689,0.002,0.0071,0.0028,0.0,0.0,0.0,0.0189,0.0009,0.0033,0.0019,0.0,0.0,0.0,0.0136,0.0126,0.0253,0.01,0.0,0.0015,0.0,0.0693,0.2103,0.4505,0.2094,0.0417,0.0699,0.005,1.0
Monbulk,0.0061,0.004,0.0037,0.0,0.0003,0.0,0.0287,0.0009,0.0013,0.0,0.0004,0.0,0.0,0.0053,0.004,0.0005,0.0011,0.0,0.0007,0.0,0.0119,0.0011,0.0006,0.0,0.0,0.0,0.0,0.0087,0.0035,0.002,0.0005,0.0,0.0004,0.0,0.0193,0.005,0.0052,0.0025,0.0,0.0015,0.0,0.031,0.0062,0.0143,0.0056,0.001,0.0021,0.0,0.0508,0.0113,0.0187,0.0085,0.0,0.0032,0.0,0.0623,0.0104,0.0227,0.0084,0.001,0.0021,0.0004,0.0663,0.0112,0.028,0.0092,0.0018,0.0007,0.0,0.0717,0.0121,0.0341,0.003,0.0007,0.0008,0.0,0.066,0.0291,0.0516,0.0126,0.0014,0.0033,0.0,0.1157,0.0128,0.034,0.002,0.0007,0.0,0.0,0.0593,0.0108,0.0191,0.002,0.0004,0.0,0.0,0.0458,0.0193,0.0471,0.0076,0.0009,0.0007,0.0,0.0887,0.0217,0.0498,0.0092,0.001,0.0004,0.0,0.1068,0.0046,0.0123,0.0014,0.0,0.0,0.0,0.0301,0.0029,0.0073,0.0019,0.0,0.0,0.0,0.018,0.0107,0.0164,0.0077,0.0009,0.0004,0.0,0.0563,0.2693,0.4411,0.1716,0.0476,0.0601,0.0014,1.0
Mordialloc,0.0075,0.0057,0.0042,0.0,0.001,0.0,0.0265,0.0013,0.0007,0.0008,0.0,0.0,0.0,0.0047,0.0012,0.0008,0.0004,0.0,0.0,0.0,0.0079,0.0003,0.0,0.0004,0.0,0.0,0.0,0.0028,0.0021,0.0016,0.0006,0.0,0.0004,0.0,0.0129,0.003,0.0026,0.0035,0.0,0.0009,0.0,0.0237,0.004,0.0088,0.0043,0.0007,0.001,0.0,0.0333,0.0044,0.0116,0.0047,0.0003,0.0003,0.0,0.0395,0.0054,0.013,0.0045,0.0008,0.0009,0.0,0.0492,0.0085,0.0184,0.0044,0.0015,0.0003,0.0006,0.0514,0.0044,0.0198,0.0036,0.001,0.0007,0.0,0.0448,0.0212,0.0489,0.013,0.0015,0.0013,0.0,0.1062,0.0087,0.0262,0.0026,0.0009,0.0009,0.0,0.0503,0.0094,0.0271,0.0024,0.0005,0.0005,0.0,0.0556,0.021,0.0515,0.0084,0.0013,0.0009,0.0,0.0957,0.0352,0.1022,0.0202,0.0014,0.0021,0.0,0.1771,0.011,0.0375,0.006,0.0,0.0,0.0,0.0654,0.0047,0.023,0.0052,0.0006,0.0003,0.0,0.0471,0.0077,0.0208,0.0069,0.0011,0.0016,0.0,0.0586,0.2157,0.4922,0.1729,0.044,0.0566,0.0028,1.0
Mornington,0.0117,0.0025,0.0037,0.0,0.0006,0.0,0.0355,0.0012,0.0,0.001,0.0,0.0,0.0,0.003,0.0012,0.0004,0.0012,0.0,0.0004,0.0,0.0081,0.0014,0.0,0.0,0.0,0.0,0.0,0.0059,0.0043,0.0006,0.0011,0.0,0.0004,0.0,0.0112,0.0035,0.0028,0.0011,0.0004,0.0023,0.0,0.023,0.0055,0.0071,0.0039,0.0007,0.0018,0.0,0.0336,0.0074,0.0063,0.0049,0.0004,0.0018,0.0,0.0378,0.0035,0.0182,0.0072,0.0007,0.0007,0.0,0.0449,0.0066,0.0194,0.0067,0.0025,0.002,0.0,0.058,0.005,0.016,0.0051,0.0012,0.0011,0.0,0.0499,0.0139,0.0429,0.017,0.0013,0.0005,0.0,0.1012,0.006,0.0245,0.005,0.0004,0.0,0.0,0.0493,0.005,0.0254,0.003,0.0,0.0,0.0,0.0468,0.0114,0.0562,0.0093,0.0014,0.0,0.0,0.0956,0.0212,0.094,0.0234,0.0023,0.0004,0.0,0.1551,0.0087,0.0322,0.0104,0.0004,0.0,0.0,0.0618,0.0093,0.031,0.0068,0.0011,0.0,0.0,0.0622,0.0091,0.0167,0.0085,0.0007,0.0004,0.0,0.0533,0.2245,0.4727,0.1925,0.0434,0.0502,0.002,1.0
Morwell,0.0106,0.0021,0.0025,0.0,0.0021,0.0,0.0269,0.0004,0.0009,0.0,0.0007,0.0,0.0,0.0053,0.0046,0.0015,0.0004,0.0007,0.0012,0.0,0.0228,0.0092,0.0021,0.0,0.0008,0.0,0.0,0.0222,0.02,0.0196,0.0037,0.0042,0.0064,0.0,0.0758,0.0232,0.0364,0.0056,0.0078,0.0056,0.0,0.107,0.035,0.0349,0.0098,0.0041,0.0045,0.0,0.1128,0.0322,0.0438,0.011,0.0044,0.0025,0.0,0.1149,0.0199,0.0394,0.0049,0.0025,0.0009,0.0,0.0926,0.0186,0.0313,0.0058,0.0008,0.0008,0.0,0.0763,0.0027,0.0218,0.0017,0.0,0.0,0.0,0.039,0.0135,0.0281,0.0053,0.0005,0.0,0.0,0.0625,0.0005,0.0035,0.0004,0.0,0.0,0.0,0.0115,0.0001,0.0045,0.0004,0.0,0.0,0.0,0.0106,0.004,0.0123,0.0028,0.0,0.0004,0.0,0.0281,0.0036,0.0146,0.0015,0.0,0.0,0.0,0.0236,0.0015,0.0044,0.0012,0.0,0.0,0.0,0.0123,0.0007,0.0013,0.0,0.0,0.0,0.0,0.0048,0.0175,0.0187,0.0048,0.0,0.0005,0.0,0.0617,0.3023,0.4041,0.1375,0.0698,0.0729,0.0016,1.0
Mulgrave,0.0067,0.0049,0.0054,0.0,0.0019,0.0,0.0428,0.0011,0.0,0.0004,0.0,0.0,0.0,0.004,0.0006,0.0006,0.0008,0.0004,0.0,0.0,0.008,0.0012,0.001,0.0,0.0006,0.0,0.0,0.0051,0.001,0.0,0.0024,0.0,0.0007,0.0004,0.0146,0.0053,0.0019,0.0019,0.0006,0.0,0.0,0.0265,0.0024,0.0104,0.0047,0.0,0.0008,0.0,0.0441,0.0094,0.0118,0.008,0.0006,0.0022,0.0,0.0538,0.0015,0.0148,0.0076,0.0008,0.0014,0.0,0.0512,0.006,0.0161,0.0049,0.0,0.0008,0.0,0.0592,0.0067,0.0175,0.0031,0.0004,0.0014,0.0,0.0485,0.0172,0.0426,0.0096,0.0017,0.0021,0.0,0.1005,0.0079,0.0184,0.0012,0.0006,0.0,0.0,0.0441,0.0087,0.0211,0.0024,0.0004,0.0008,0.0,0.0496,0.0094,0.024,0.0029,0.0,0.0011,0.0,0.0636,0.0197,0.0691,0.0115,0.0014,0.0015,0.0,0.1362,0.0039,0.0232,0.001,0.0,0.0,0.0,0.0403,0.0026,0.0086,0.0006,0.0006,0.0,0.0,0.0245,0.0071,0.019,0.0093,0.0,0.0014,0.0,0.0711,0.2267,0.4393,0.1941,0.0412,0.0745,0.0062,1.0
Murray Plains,0.0052,0.0057,0.0028,0.0,0.0,0.0,0.0302,0.0009,0.0,0.0,0.0,0.0,0.0,0.0038,0.0051,0.0019,0.0,0.0005,0.0011,0.0,0.0186,0.0062,0.0035,0.0006,0.0,0.0,0.0,0.0224,0.019,0.0169,0.0033,0.0017,0.0013,0.0,0.0736,0.0224,0.025,0.0071,0.0043,0.0039,0.0,0.0962,0.0224,0.0403,0.0055,0.0047,0.0005,0.0,0.1147,0.0224,0.0482,0.0103,0.0021,0.0024,0.0,0.1096,0.015,0.0425,0.0033,0.0022,0.0,0.0,0.0912,0.0186,0.0338,0.0041,0.0017,0.0005,0.0,0.0826,0.007,0.0199,0.0019,0.0,0.0,0.0,0.0379,0.0177,0.024,0.0088,0.0,0.0,0.0,0.0681,0.0017,0.0041,0.0005,0.0,0.0,0.0,0.0109,0.0,0.0016,0.0,0.0,0.0,0.0,0.0027,0.0019,0.0079,0.0024,0.0005,0.0,0.0,0.0182,0.0043,0.0074,0.0014,0.0,0.0,0.0,0.0239,0.0,0.003,0.0,0.0,0.0,0.0,0.0047,0.0,0.0025,0.0005,0.0,0.0,0.0,0.0076,0.0114,0.0106,0.0062,0.0016,0.0005,0.0,0.06,0.3117,0.4123,0.1562,0.0545,0.0479,0.0028,1.0
Narracan,0.0038,0.0016,0.001,0.0,0.0,0.0,0.0194,0.0003,0.0,0.0,0.0,0.0,0.0,0.003,0.0022,0.0002,0.0003,0.0,0.0,0.0,0.0094,0.003,0.0007,0.0015,0.0,0.0,0.0,0.0107,0.0073,0.0045,0.0014,0.0016,0.0008,0.0,0.0292,0.0094,0.0087,0.0037,0.0006,0.0013,0.0,0.0457,0.0146,0.0192,0.0042,0.0016,0.0021,0.0005,0.0643,0.0228,0.0303,0.0052,0.0033,0.002,0.0,0.0916,0.0217,0.0425,0.0037,0.0024,0.0021,0.0,0.0965,0.0264,0.0476,0.0078,0.0022,0.0016,0.0,0.1064,0.0171,0.0358,0.0041,0.0009,0.0005,0.0,0.0768,0.026,0.0463,0.0135,0.0022,0.0003,0.0003,0.1054,0.0083,0.016,0.0012,0.0,0.0003,0.0,0.0352,0.0042,0.0158,0.0008,0.0,0.0,0.0,0.026,0.0091,0.027,0.0055,0.0006,0.0,0.0,0.0507,0.0091,0.0285,0.0031,0.0007,0.0,0.0,0.0585,0.0029,0.0045,0.0003,0.0,0.0,0.0,0.017,0.0015,0.0045,0.0003,0.0,0.0,0.0,0.0126,0.0115,0.0186,0.0044,0.0014,0.0007,0.0,0.0557,0.2997,0.4381,0.1496,0.0537,0.0473,0.0023,1.0
Narre Warren North,0.0072,0.0054,0.0066,0.0003,0.0011,0.0,0.0361,0.0005,0.0,0.0004,0.0,0.0,0.0,0.0023,0.0,0.0003,0.0007,0.0,0.0,0.0,0.0093,0.0012,0.0004,0.001,0.0,0.0003,0.0,0.0094,0.0024,0.0008,0.0032,0.0005,0.0007,0.0,0.0256,0.0049,0.0023,0.0061,0.0003,0.0011,0.0,0.0312,0.004,0.0128,0.0059,0.0003,0.0006,0.0,0.0504,0.0069,0.0185,0.0077,0.0022,0.002,0.0,0.0604,0.0152,0.0261,0.0094,0.001,0.0014,0.0,0.0772,0.0111,0.0355,0.0116,0.0013,0.0037,0.0,0.0883,0.0117,0.0317,0.0059,0.0015,0.0018,0.0,0.0713,0.0228,0.0568,0.0181,0.0013,0.0025,0.0006,0.1268,0.0087,0.0269,0.0024,0.0,0.0007,0.0,0.0586,0.0091,0.0183,0.0049,0.0004,0.0,0.0,0.0429,0.0052,0.0267,0.0083,0.0,0.0,0.0,0.0604,0.0092,0.0321,0.0096,0.0,0.0007,0.0,0.0736,0.0025,0.0055,0.0046,0.0,0.0,0.0,0.0253,0.0017,0.0079,0.0035,0.0,0.0,0.0,0.0201,0.0143,0.0216,0.0165,0.0014,0.0016,0.0,0.0749,0.241,0.4227,0.22,0.0422,0.0662,0.0033,1.0
Narre Warren South,0.0035,0.0048,0.0038,0.0004,0.0005,0.0,0.0282,0.0002,0.0,0.0,0.0,0.0,0.0,0.0027,0.0021,0.0015,0.0019,0.0002,0.0003,0.0,0.0091,0.0005,0.0008,0.0011,0.0,0.0,0.0,0.0077,0.0018,0.0023,0.0019,0.0,0.0002,0.0,0.0187,0.0025,0.0045,0.0044,0.001,0.0007,0.0,0.0308,0.0059,0.0114,0.0066,0.0,0.0037,0.0,0.0501,0.0085,0.0262,0.012,0.0007,0.0027,0.0,0.0702,0.0106,0.036,0.0129,0.0022,0.0042,0.0,0.0869,0.015,0.0475,0.0127,0.0023,0.0019,0.0,0.1012,0.0112,0.0533,0.0088,0.0008,0.0004,0.0,0.0917,0.0205,0.0752,0.0212,0.0016,0.0009,0.0,0.1414,0.0074,0.0357,0.0066,0.0003,0.0003,0.0,0.0655,0.0049,0.0244,0.004,0.0002,0.0004,0.0002,0.0486,0.006,0.0317,0.0082,0.0005,0.0,0.0003,0.057,0.007,0.025,0.0114,0.0012,0.0011,0.0,0.0557,0.0016,0.0049,0.0025,0.0,0.0,0.0,0.0183,0.0,0.0046,0.0012,0.0003,0.0,0.0,0.0111,0.0068,0.0235,0.0082,0.0015,0.0027,0.0,0.0649,0.1861,0.4801,0.2132,0.0474,0.0591,0.0048,1.0
Nepean,0.0177,0.0005,0.0014,0.0,0.0014,0.0,0.0323,0.0024,0.0009,0.0,0.0,0.0,0.0,0.0036,0.0043,0.0009,0.0005,0.0,0.0014,0.0,0.0104,0.0043,0.0,0.0009,0.0,0.0,0.0,0.0118,0.0061,0.0023,0.0,0.0,0.0,0.0,0.0165,0.0106,0.0033,0.0026,0.0005,0.0005,0.0,0.0255,0.0095,0.0068,0.0014,0.0007,0.0007,0.0,0.047,0.0125,0.0088,0.0026,0.0016,0.005,0.0,0.0581,0.0125,0.0125,0.0043,0.0021,0.0007,0.0,0.064,0.0149,0.0224,0.0029,0.0019,0.001,0.0,0.0748,0.0153,0.0196,0.0,0.0005,0.0,0.0,0.0562,0.0319,0.0415,0.0075,0.0009,0.0005,0.0,0.1145,0.0047,0.0226,0.0012,0.0,0.0007,0.0,0.0404,0.0076,0.0111,0.0007,0.0,0.0,0.0,0.0359,0.0146,0.0312,0.008,0.001,0.0,0.0,0.0666,0.0259,0.0312,0.0056,0.0,0.0,0.0,0.0952,0.008,0.0101,0.0017,0.0,0.0,0.0,0.0357,0.0097,0.0085,0.0047,0.0,0.0,0.0,0.0394,0.0158,0.0123,0.0033,0.0005,0.001,0.0,0.0534,0.3522,0.3621,0.1551,0.0484,0.0576,0.0033,1.0
Niddrie,0.0067,0.006,0.0052,0.0,0.0004,0.0,0.0372,0.0,0.0,0.0,0.0,0.0,0.0,0.002,0.0004,0.0011,0.0004,0.0,0.0004,0.0,0.0113,0.0009,0.0,0.0005,0.0,0.0,0.0,0.0075,0.0024,0.0013,0.0012,0.0,0.0,0.0,0.0101,0.0008,0.0008,0.0024,0.0,0.0,0.0,0.0191,0.0027,0.008,0.0061,0.0,0.0,0.0,0.0356,0.0028,0.0108,0.0057,0.0021,0.0021,0.0,0.0352,0.0023,0.0107,0.006,0.0008,0.0005,0.0,0.0427,0.0053,0.0181,0.0052,0.0008,0.0013,0.0004,0.0472,0.0051,0.0103,0.0025,0.0,0.0009,0.0,0.0423,0.0111,0.0447,0.0131,0.0023,0.0011,0.0,0.1005,0.0057,0.0139,0.0016,0.0004,0.0,0.0,0.0375,0.0087,0.0169,0.0017,0.0,0.0,0.0,0.0463,0.0125,0.0491,0.0043,0.0008,0.0004,0.0,0.0829,0.0224,0.0909,0.0172,0.0025,0.0011,0.0,0.1545,0.0036,0.0335,0.0068,0.0007,0.0,0.0,0.0547,0.0037,0.0294,0.0051,0.0,0.0,0.0,0.0516,0.0097,0.0299,0.0167,0.0004,0.0005,0.0,0.0787,0.204,0.4885,0.2023,0.04,0.0562,0.0004,1.0
Northcote,0.0078,0.0084,0.0057,0.0005,0.0,0.0,0.0368,0.0011,0.0011,0.0,0.0,0.0,0.0,0.0041,0.0006,0.0,0.0008,0.0,0.0,0.0,0.0077,0.0,0.0017,0.0008,0.0,0.0,0.0,0.0063,0.0018,0.0006,0.0015,0.0,0.0,0.0,0.0077,0.0005,0.0028,0.0011,0.0,0.0,0.0,0.0184,0.0057,0.0046,0.0017,0.0,0.0,0.0,0.0285,0.0078,0.0054,0.0025,0.0,0.0,0.0,0.0326,0.0057,0.0098,0.0029,0.0,0.0,0.0,0.0357,0.0069,0.0101,0.0021,0.0015,0.0012,0.0,0.042,0.0028,0.0119,0.0,0.0,0.0,0.0,0.0317,0.021,0.0312,0.006,0.0026,0.0011,0.0,0.085,0.0046,0.011,0.0005,0.0,0.0,0.0,0.0337,0.0054,0.0133,0.0017,0.0,0.0,0.0,0.0354,0.0181,0.0374,0.0025,0.0012,0.0008,0.0,0.0721,0.0433,0.0914,0.0103,0.0035,0.0012,0.0,0.166,0.0127,0.0551,0.0023,0.0,0.0,0.0,0.0931,0.0162,0.0677,0.0041,0.0012,0.0,0.0,0.1069,0.0063,0.0142,0.0044,0.0,0.0006,0.0,0.0463,0.2686,0.4869,0.1336,0.0495,0.0378,0.0011,1.0
Oakleigh,0.0042,0.0124,0.0037,0.0006,0.0,0.0,0.0367,0.0,0.0,0.0,0.0,0.0,0.0,0.0042,0.0,0.0,0.0,0.0,0.0,0.0,0.0049,0.0,0.0011,0.0,0.0,0.0,0.0,0.0057,0.0034,0.0008,0.0013,0.0,0.0009,0.0,0.0142,0.0,0.0034,0.0023,0.0,0.0,0.0,0.0198,0.0056,0.0024,0.002,0.0006,0.0014,0.0,0.0313,0.0061,0.0052,0.0013,0.0,0.0006,0.0,0.0356,0.0066,0.0104,0.0008,0.0,0.0,0.0004,0.0337,0.0082,0.0117,0.0015,0.0009,0.0008,0.0,0.0479,0.011,0.009,0.0023,0.0004,0.0008,0.0,0.0419,0.0148,0.0307,0.0079,0.0006,0.001,0.0,0.0834,0.0056,0.0181,0.0011,0.0004,0.0,0.0,0.0409,0.0111,0.0196,0.0022,0.0,0.0008,0.0005,0.0469,0.0187,0.0275,0.0032,0.0005,0.0019,0.0,0.075,0.0438,0.086,0.0133,0.0004,0.0005,0.0,0.1677,0.0108,0.0416,0.0052,0.0,0.0,0.0,0.0766,0.0056,0.0355,0.0015,0.0,0.0004,0.0,0.0588,0.0091,0.0208,0.0035,0.0004,0.001,0.0005,0.0562,0.2715,0.4527,0.1514,0.0371,0.0466,0.0047,1.0
Ovens Valley,0.008,0.0005,0.0021,0.0,0.0,0.0,0.0269,0.0011,0.0,0.0,0.0,0.0005,0.0,0.0045,0.0064,0.0011,0.0005,0.0,0.0,0.0,0.0189,0.0043,0.0014,0.0,0.0,0.0,0.0,0.0181,0.0056,0.0053,0.0024,0.0037,0.0021,0.0,0.046,0.0194,0.0187,0.0037,0.0018,0.0032,0.0,0.0812,0.0194,0.0271,0.0066,0.0034,0.0008,0.0,0.0993,0.0239,0.0415,0.008,0.0051,0.0029,0.0,0.1099,0.025,0.041,0.0054,0.0038,0.0,0.0005,0.1022,0.0229,0.0391,0.0053,0.0043,0.0005,0.0,0.0955,0.0077,0.0221,0.0019,0.0014,0.0,0.0,0.046,0.0213,0.036,0.0046,0.001,0.001,0.0,0.0822,0.0021,0.0075,0.0,0.0,0.0,0.0,0.0135,0.0,0.0014,0.0,0.0,0.0,0.0,0.004,0.0066,0.0133,0.0027,0.0,0.0008,0.0,0.0319,0.0078,0.0119,0.0014,0.0,0.0005,0.0,0.0356,0.0016,0.0022,0.0,0.0,0.0,0.0,0.0138,0.0005,0.0032,0.0008,0.0,0.0,0.0,0.0077,0.0119,0.0111,0.0038,0.0,0.0011,0.0,0.053,0.3266,0.4118,0.1477,0.066,0.0439,0.0016,1.0
Pakenham,0.0035,0.0011,0.0012,0.0004,0.0003,0.0,0.0146,0.0004,0.0003,0.0,0.0,0.0,0.0,0.0022,0.001,0.0005,0.0007,0.0,0.0,0.0,0.0061,0.0,0.0004,0.0006,0.0,0.0,0.0,0.0056,0.0005,0.0007,0.0006,0.0,0.0004,0.0,0.0093,0.0031,0.0032,0.0017,0.0006,0.0027,0.0,0.0213,0.0039,0.0116,0.003,0.0023,0.0018,0.0,0.0383,0.0127,0.0308,0.0038,0.0025,0.0056,0.0,0.0687,0.0168,0.0447,0.0061,0.0045,0.0037,0.0,0.0917,0.0272,0.0647,0.0055,0.0043,0.0038,0.0,0.1192,0.0252,0.061,0.0061,0.0018,0.0017,0.0,0.109,0.0318,0.0781,0.0113,0.0023,0.0011,0.0,0.1452,0.0169,0.0396,0.005,0.0004,0.0007,0.0,0.0752,0.008,0.0225,0.0018,0.001,0.0,0.0,0.043,0.0098,0.0318,0.007,0.0003,0.0004,0.0,0.0597,0.011,0.0271,0.0048,0.0007,0.0009,0.0,0.0535,0.0015,0.0045,0.0007,0.0004,0.0,0.0,0.0137,0.0007,0.0045,0.0004,0.0,0.0,0.0,0.0119,0.0096,0.023,0.0035,0.0005,0.0006,0.0004,0.0561,0.2516,0.5003,0.1217,0.0549,0.0565,0.0028,1.0
Pascoe Vale,0.003,0.0042,0.0052,0.0,0.0012,0.0,0.0307,0.0,0.0,0.0,0.0,0.0,0.0,0.0015,0.0012,0.0,0.0,0.0,0.0004,0.0,0.0061,0.0,0.0005,0.0004,0.0,0.0,0.0,0.0049,0.0015,0.0014,0.0016,0.0,0.0,0.0,0.0127,0.0011,0.0049,0.0046,0.0,0.0015,0.0,0.0214,0.0015,0.0071,0.0023,0.0018,0.0007,0.0,0.032,0.0068,0.0096,0.0026,0.0004,0.0007,0.0,0.0399,0.0064,0.0113,0.0038,0.0005,0.0,0.0,0.0486,0.0108,0.0171,0.0034,0.0004,0.0008,0.0,0.0503,0.0109,0.0163,0.0026,0.0011,0.0,0.0,0.0444,0.0242,0.048,0.0053,0.0029,0.0016,0.0,0.1066,0.0105,0.0204,0.0012,0.0005,0.0,0.0,0.0466,0.015,0.0194,0.0,0.0,0.0,0.0,0.0485,0.0195,0.0454,0.0048,0.0004,0.0,0.0,0.0932,0.0433,0.1026,0.0081,0.0005,0.0015,0.0,0.174,0.0107,0.0387,0.0026,0.0004,0.0005,0.0,0.0638,0.0036,0.0187,0.0022,0.0,0.0,0.0,0.037,0.0074,0.0156,0.006,0.0004,0.0,0.0,0.0549,0.2727,0.4883,0.1286,0.0478,0.0444,0.0022,1.0
Point Cook,0.0044,0.0093,0.0045,0.0,0.0006,0.0,0.03,0.0004,0.0,0.0006,0.0004,0.0,0.0,0.0022,0.0005,0.0004,0.0013,0.0,0.0,0.0,0.0064,0.0009,0.0006,0.0,0.0,0.0,0.0,0.005,0.0014,0.0025,0.0006,0.0,0.0,0.0,0.0131,0.0019,0.0045,0.0014,0.0,0.001,0.0,0.0194,0.0022,0.0118,0.0023,0.0003,0.001,0.0,0.0301,0.0042,0.018,0.0034,0.0,0.0005,0.0,0.0412,0.0053,0.0289,0.0045,0.0017,0.001,0.0,0.0578,0.0081,0.0402,0.0057,0.0012,0.0011,0.0,0.0719,0.0092,0.0486,0.0016,0.0005,0.0008,0.0,0.0754,0.0227,0.082,0.0116,0.0018,0.002,0.0,0.1392,0.0106,0.0476,0.002,0.0003,0.0,0.0,0.0749,0.008,0.0421,0.0025,0.0,0.0,0.0,0.0701,0.011,0.0533,0.0052,0.0,0.0006,0.0,0.0911,0.0153,0.0638,0.0095,0.0002,0.0012,0.0003,0.1051,0.0024,0.0132,0.001,0.0,0.0,0.0,0.0244,0.0018,0.013,0.001,0.0002,0.0,0.0,0.0226,0.0083,0.0315,0.0069,0.0003,0.0007,0.0,0.0615,0.1948,0.5715,0.1333,0.0403,0.0433,0.0039,1.0
Polwarth,0.0068,0.0057,0.0025,0.0,0.0,0.0,0.0304,0.0016,0.0,0.0,0.0,0.0,0.0,0.0053,0.0041,0.0016,0.0,0.0,0.0,0.0,0.0178,0.0031,0.0028,0.0,0.0,0.0,0.0,0.0157,0.0088,0.0046,0.0015,0.0012,0.0004,0.0,0.0252,0.0113,0.0133,0.007,0.0,0.002,0.0,0.0569,0.0122,0.0214,0.0036,0.0,0.0013,0.0005,0.0731,0.0135,0.0321,0.0062,0.0008,0.0028,0.0,0.0756,0.0142,0.0248,0.0024,0.0016,0.0019,0.0,0.0687,0.0149,0.0332,0.0052,0.0009,0.0004,0.0,0.0778,0.005,0.023,0.0021,0.0,0.0005,0.0,0.0492,0.0145,0.0434,0.0049,0.0,0.0,0.0,0.0839,0.0049,0.0191,0.0027,0.0,0.0,0.0,0.0307,0.0065,0.0178,0.0023,0.0005,0.0,0.0,0.0332,0.0126,0.0431,0.0029,0.0025,0.0,0.0,0.0699,0.0183,0.0464,0.0093,0.0008,0.0005,0.0,0.0873,0.0052,0.0126,0.0016,0.0004,0.0,0.0,0.0299,0.0048,0.0141,0.0003,0.0,0.0,0.0,0.0264,0.011,0.018,0.0038,0.0,0.0027,0.0,0.0527,0.2841,0.48,0.1498,0.0425,0.0431,0.0005,1.0
Prahran,0.0087,0.0033,0.0007,0.0007,0.0,0.0,0.0283,0.0,0.0,0.0,0.0,0.0,0.0,0.0,0.0,0.0,0.0,0.0,0.0,0.0,0.0,0.0,0.0,0.0,0.0,0.0,0.0,0.0016,0.0016,0.0009,0.0,0.0,0.0,0.0,0.003,0.0023,0.0,0.0,0.0,0.0007,0.0,0.0051,0.0077,0.0,0.0,0.0,0.0007,0.0,0.0131,0.0173,0.0028,0.0,0.0,0.0,0.0007,0.0248,0.0199,0.0009,0.0,0.0014,0.0,0.0,0.0334,0.0199,0.0061,0.0,0.0,0.0,0.0,0.0451,0.025,0.003,0.0,0.0,0.0,0.0,0.036,0.0414,0.0084,0.0012,0.0019,0.0,0.0007,0.0802,0.0189,0.003,0.0,0.0,0.0,0.0,0.032,0.0131,0.0028,0.0,0.0,0.0,0.0,0.029,0.0264,0.007,0.0,0.0014,0.0,0.0,0.0552,0.0519,0.033,0.0044,0.0,0.0,0.0,0.134,0.0231,0.0208,0.0021,0.0,0.0,0.0,0.0811,0.0341,0.0561,0.0068,0.0028,0.0,0.0,0.1358,0.014,0.0054,0.0028,0.0,0.0007,0.0,0.0477,0.5296,0.2796,0.072,0.0306,0.033,0.007,1.0
Preston,0.002,0.0052,0.0012,0.0,0.0006,0.0,0.0237,0.0,0.0,0.0006,0.0,0.0,0.0,0.0029,0.0009,0.0,0.0006,0.0,0.0,0.0,0.007,0.0,0.0,0.0005,0.0,0.0,0.0,0.0049,0.0005,0.0041,0.0014,0.0,0.0015,0.0,0.0143,0.0032,0.0035,0.0021,0.0,0.0,0.0,0.0256,0.0027,0.0085,0.0039,0.0006,0.002,0.0,0.037,0.0109,0.0134,0.0038,0.0,0.0018,0.0,0.044,0.009,0.0167,0.0011,0.0012,0.0015,0.0,0.0537,0.0138,0.0202,0.0015,0.0017,0.0,0.0,0.0648,0.0147,0.0146,0.0023,0.0009,0.0,0.0,0.0504,0.0325,0.0393,0.0085,0.0,0.0006,0.0,0.1018,0.014,0.02,0.0,0.0,0.0006,0.0,0.0516,0.0118,0.0199,0.0023,0.0,0.0005,0.0,0.0534,0.025,0.0401,0.0015,0.0006,0.0006,0.0,0.0932,0.0276,0.0657,0.0061,0.0006,0.0012,0.0,0.1332,0.0052,0.0175,0.0011,0.0,0.0,0.0,0.0387,0.0029,0.0094,0.0005,0.0,0.0,0.0,0.0287,0.0086,0.0234,0.0061,0.0,0.0006,0.0,0.0633,0.293,0.4514,0.1337,0.0434,0.0593,0.0017,1.0
Richmond,0.0057,0.0043,0.0006,0.0,0.0,0.0,0.0248,0.0,0.0,0.0,0.0,0.0,0.0,0.0008,0.0,0.0,0.0,0.0,0.0,0.0,0.0031,0.0012,0.0008,0.001,0.0,0.0,0.0,0.0037,0.0012,0.0,0.0,0.0008,0.0,0.0,0.0055,0.0031,0.0006,0.0006,0.0,0.0,0.0,0.0112,0.0089,0.0012,0.0006,0.0,0.0,0.0,0.0218,0.0089,0.0033,0.001,0.0,0.0,0.0,0.0272,0.0104,0.0018,0.0,0.0,0.0,0.0,0.0238,0.0159,0.0028,0.0006,0.0,0.0,0.0,0.0342,0.0185,0.0022,0.0,0.0,0.0,0.0,0.0321,0.0356,0.0126,0.0033,0.0,0.0014,0.0,0.0791,0.0128,0.0077,0.0,0.0014,0.0006,0.0,0.0309,0.0165,0.0073,0.0,0.0,0.0,0.0,0.0403,0.0356,0.0195,0.0012,0.0,0.0,0.0,0.0691,0.0817,0.0693,0.0071,0.0018,0.0006,0.0,0.1946,0.0468,0.0466,0.0024,0.0018,0.0,0.0,0.1131,0.0364,0.0573,0.0069,0.001,0.0,0.0,0.1194,0.0114,0.0092,0.0012,0.0,0.0008,0.0,0.05,0.4762,0.3444,0.086,0.0388,0.0301,0.0055,1.0
Ringwood,0.0065,0.0092,0.0031,0.0,0.001,0.0,0.034,0.001,0.0003,0.0005,0.0,0.0,0.0,0.006,0.0016,0.0,0.0,0.0,0.0,0.0,0.0097,0.0003,0.0,0.001,0.0,0.0,0.0,0.0079,0.0018,0.0025,0.0017,0.0003,0.0001,0.0,0.0139,0.0021,0.0013,0.0011,0.0004,0.0004,0.0,0.0209,0.0049,0.0065,0.003,0.0004,0.001,0.0003,0.0363,0.0052,0.0099,0.0057,0.0003,0.0009,0.0,0.0389,0.0073,0.0182,0.003,0.0003,0.0,0.0,0.0495,0.0067,0.0219,0.0067,0.0007,0.0003,0.0,0.0593,0.0033,0.0188,0.0016,0.0,0.0,0.0,0.0444,0.0211,0.0473,0.0121,0.0006,0.0027,0.0,0.1027,0.0087,0.0248,0.0006,0.0,0.0004,0.0,0.0493,0.0078,0.0282,0.003,0.0003,0.0003,0.0,0.0545,0.0137,0.0487,0.0032,0.0,0.001,0.0,0.0943,0.0316,0.0999,0.0117,0.0003,0.0012,0.0,0.1677,0.0081,0.0299,0.0066,0.0,0.0,0.0,0.0578,0.005,0.0219,0.002,0.0,0.0004,0.0,0.0399,0.0086,0.0181,0.0057,0.0007,0.0003,0.0,0.0479,0.2427,0.5058,0.152,0.0325,0.0491,0.0035,1.0
Ripon,0.0092,0.005,0.0018,0.0004,0.0009,0.0,0.0264,0.0014,0.0004,0.0004,0.0,0.0,0.0,0.0059,0.005,0.0035,0.0019,0.0,0.0004,0.0,0.0286,0.0046,0.0009,0.0008,0.0005,0.0015,0.0,0.0223,0.0132,0.014,0.0046,0.0031,0.0028,0.0,0.0726,0.0184,0.0281,0.0064,0.0033,0.0032,0.0,0.0906,0.0206,0.0302,0.0073,0.0041,0.0029,0.0,0.089,0.0268,0.0436,0.0088,0.0044,0.0012,0.0,0.1111,0.0213,0.0405,0.0083,0.0008,0.0,0.0,0.0879,0.0204,0.0445,0.006,0.0018,0.0013,0.0,0.0942,0.0076,0.0274,0.0012,0.0004,0.0006,0.0,0.0491,0.0132,0.0287,0.0083,0.0009,0.0,0.0,0.0696,0.0032,0.0092,0.0009,0.0,0.0,0.0,0.0191,0.0015,0.0058,0.0013,0.0,0.0,0.0,0.0132,0.0061,0.0163,0.0024,0.0,0.0,0.0,0.0337,0.0054,0.015,0.0029,0.0,0.0,0.0,0.0286,0.0,0.0027,0.0,0.0,0.0,0.0,0.0061,0.0009,0.0013,0.0004,0.0,0.0,0.0,0.0045,0.0109,0.0135,0.0047,0.0,0.0018,0.0,0.0501,0.3035,0.4131,0.1426,0.0623,0.0532,0.0022,1.0
Rowville,0.0077,0.0052,0.0096,0.0005,0.0,0.0,0.0383,0.0006,0.0003,0.0,0.0,0.0,0.0,0.0028,0.0012,0.0003,0.0023,0.0004,0.0005,0.0,0.0098,0.0009,0.0,0.0021,0.0,0.0006,0.0,0.0082,0.0014,0.0022,0.0054,0.0,0.0017,0.0,0.0183,0.0015,0.0026,0.005,0.0,0.0004,0.0,0.0287,0.0048,0.0067,0.0089,0.0003,0.0008,0.0,0.038,0.0063,0.0151,0.012,0.0006,0.0019,0.0,0.0531,0.0068,0.0119,0.01,0.0,0.0018,0.0,0.0474,0.0049,0.0163,0.0088,0.0003,0.0,0.0,0.0551,0.0034,0.0151,0.0063,0.0004,0.0006,0.0,0.0379,0.0154,0.0487,0.0156,0.0,0.0018,0.0,0.103,0.0088,0.0258,0.006,0.0,0.0,0.0,0.0466,0.0059,0.0225,0.006,0.0004,0.0,0.0,0.0518,0.0149,0.0443,0.0104,0.0,0.0003,0.0,0.0856,0.0261,0.086,0.0216,0.0004,0.0003,0.0,0.159,0.0037,0.0155,0.0058,0.0004,0.0007,0.0,0.0429,0.0012,0.0121,0.0046,0.0,0.0,0.0,0.0311,0.0084,0.0187,0.0135,0.0,0.0018,0.0,0.0602,0.2121,0.4356,0.2595,0.0254,0.0592,0.0004,1.0
Sandringham,0.008,0.0032,0.0063,0.0,0.0006,0.0,0.0369,0.001,0.0,0.0,0.0,0.0,0.0,0.0017,0.0011,0.0003,0.0008,0.0,0.0,0.0,0.0055,0.0,0.0004,0.0008,0.0,0.0004,0.0,0.004,0.0022,0.0007,0.0,0.0,0.0014,0.0,0.0091,0.001,0.0015,0.0011,0.0,0.0,0.0,0.0121,0.0051,0.004,0.0032,0.0,0.0004,0.0,0.0286,0.003,0.0059,0.0019,0.0008,0.001,0.0,0.022,0.0054,0.0062,0.0006,0.0,0.0011,0.0,0.0228,0.0081,0.0062,0.003,0.0,0.0008,0.0,0.0363,0.0061,0.0062,0.0023,0.0004,0.0004,0.0,0.0285,0.0179,0.0296,0.0103,0.0011,0.0008,0.0,0.0806,0.0055,0.0096,0.0017,0.0004,0.0003,0.0,0.0307,0.0044,0.0162,0.0011,0.0,0.0,0.0,0.0367,0.0135,0.0344,0.0058,0.0,0.0,0.0001,0.0624,0.0373,0.1015,0.0237,0.0019,0.0015,0.0004,0.1736,0.0143,0.0649,0.0128,0.0004,0.001,0.0,0.1187,0.016,0.0901,0.0285,0.0018,0.0,0.0,0.1575,0.0078,0.0187,0.0058,0.0,0.0012,0.0,0.056,0.251,0.4667,0.1842,0.0349,0.049,0.0011,1.0
Shepparton,0.0074,0.0045,0.0012,0.0004,0.0,0.0,0.0257,0.0005,0.0,0.0,0.0,0.0,0.0,0.002,0.003,0.0017,0.0012,0.0,0.0,0.0,0.0174,0.003,0.0025,0.0013,0.0004,0.0,0.0,0.0222,0.0088,0.0094,0.0021,0.0049,0.0017,0.0,0.0451,0.0237,0.0235,0.0053,0.0033,0.0016,0.0,0.0963,0.027,0.0429,0.0112,0.0061,0.0034,0.0,0.1165,0.036,0.0583,0.0123,0.0061,0.0038,0.0005,0.1357,0.019,0.052,0.0061,0.0038,0.0018,0.0,0.1047,0.0211,0.0393,0.0078,0.0005,0.0008,0.0,0.0859,0.0066,0.0256,0.0041,0.0007,0.0005,0.0,0.0532,0.0113,0.0376,0.0079,0.0008,0.0004,0.0,0.0724,0.0008,0.0066,0.0,0.0009,0.0,0.0,0.0121,0.0004,0.004,0.0,0.0,0.0,0.0,0.0065,0.0046,0.0103,0.002,0.0,0.0,0.0,0.0224,0.0029,0.0112,0.0021,0.0,0.0,0.0,0.0286,0.0012,0.0051,0.0,0.0,0.0,0.0,0.0092,0.0004,0.0032,0.0008,0.0,0.0,0.0,0.0073,0.0099,0.0179,0.0032,0.0016,0.0005,0.0,0.0495,0.2738,0.4311,0.1575,0.0682,0.0507,0.0015,1.0
South Barwon,0.0039,0.0034,0.0008,0.0,0.0003,0.0,0.0224,0.0011,0.0,0.0005,0.0,0.0,0.0,0.0041,0.0004,0.0008,0.0004,0.0005,0.0,0.0,0.0067,0.001,0.0011,0.0008,0.0,0.0,0.0,0.0052,0.0028,0.004,0.0024,0.0,0.0024,0.0,0.0218,0.0046,0.0078,0.0022,0.0006,0.0,0.0,0.0287,0.0048,0.0179,0.0034,0.0,0.0015,0.0,0.0514,0.0097,0.029,0.0047,0.004,0.0023,0.0,0.0724,0.0196,0.0303,0.0039,0.0025,0.0017,0.0004,0.0791,0.0301,0.0512,0.0092,0.0025,0.0012,0.0,0.1111,0.0225,0.0501,0.0022,0.002,0.0006,0.0,0.0927,0.0348,0.0697,0.0095,0.0015,0.0008,0.0,0.1313,0.0095,0.0313,0.0023,0.0,0.0,0.0,0.0596,0.0054,0.0181,0.0019,0.0004,0.0,0.0,0.0335,0.0102,0.0364,0.0043,0.0,0.0,0.0,0.0661,0.01,0.0358,0.0065,0.0003,0.0,0.0,0.0686,0.0009,0.0097,0.0009,0.0,0.0003,0.0,0.0218,0.0003,0.0055,0.0016,0.0,0.0,0.0,0.0129,0.0085,0.0152,0.002,0.0,0.0012,0.0,0.0412,0.2649,0.4993,0.1365,0.0496,0.0438,0.004,1.0
South-West Coast,0.004,0.0032,0.0008,0.0,0.0,0.0,0.0245,0.0015,0.0,0.001,0.0,0.0,0.0,0.0045,0.0053,0.0004,0.0005,0.0,0.0005,0.0,0.0153,0.0026,0.0011,0.001,0.0004,0.0,0.0,0.0168,0.0084,0.0097,0.0007,0.0026,0.001,0.0,0.0448,0.0141,0.0208,0.009,0.0015,0.0014,0.0,0.077,0.021,0.0314,0.007,0.004,0.004,0.0,0.1079,0.0279,0.0485,0.0078,0.0037,0.0023,0.0,0.1153,0.02,0.0403,0.0068,0.0022,0.0014,0.0,0.1009,0.0231,0.041,0.0052,0.0018,0.0,0.0,0.0962,0.0052,0.0264,0.0041,0.0015,0.0014,0.0,0.0497,0.0111,0.0326,0.0064,0.0,0.0005,0.0,0.0742,0.0015,0.0074,0.0,0.0,0.0,0.0,0.0204,0.0011,0.004,0.0,0.0,0.0,0.0,0.0097,0.0038,0.0137,0.0008,0.0,0.0,0.0,0.0286,0.006,0.0116,0.0004,0.0,0.0,0.0,0.0264,0.0007,0.0042,0.0,0.0,0.0,0.0,0.0075,0.0007,0.0025,0.0014,0.0,0.0,0.0,0.0073,0.0122,0.0145,0.0018,0.0008,0.0007,0.0,0.0545,0.3022,0.4217,0.1497,0.0568,0.0456,0.0016,1.0
St Albans,0.008,0.0064,0.0115,0.0021,0.0043,0.0,0.0548,0.0,0.0,0.0005,0.0,0.0,0.0,0.0041,0.0017,0.0005,0.0012,0.0005,0.0006,0.0,0.0178,0.0018,0.0014,0.0011,0.0006,0.0005,0.0,0.0138,0.0024,0.0009,0.0028,0.0009,0.0005,0.0,0.0252,0.0038,0.0021,0.0038,0.0009,0.0009,0.0,0.0367,0.0072,0.0176,0.0063,0.0041,0.0049,0.0,0.0578,0.0115,0.0165,0.0109,0.0006,0.0047,0.0,0.0793,0.0159,0.0199,0.0041,0.0047,0.0046,0.0,0.0771,0.0107,0.028,0.0046,0.004,0.0021,0.0005,0.088,0.007,0.019,0.006,0.0026,0.0,0.0005,0.0607,0.0181,0.0386,0.0106,0.0063,0.0043,0.0,0.1088,0.0066,0.0132,0.002,0.0009,0.0,0.0,0.0335,0.004,0.0136,0.0005,0.0,0.0,0.0,0.0249,0.0049,0.0174,0.0014,0.0014,0.0009,0.0,0.0424,0.0057,0.0243,0.0046,0.0005,0.0015,0.0,0.0546,0.002,0.0028,0.0024,0.0,0.0005,0.0,0.0138,0.0009,0.0014,0.0012,0.0006,0.0,0.0,0.009,0.0089,0.0199,0.0116,0.0021,0.0049,0.0,0.0725,0.22,0.3599,0.1911,0.0881,0.1137,0.0093,1.0
Sunbury,0.0054,0.0025,0.0024,0.0,0.0001,0.0,0.0266,0.0006,0.0007,0.0006,0.0,0.0,0.0,0.0046,0.0005,0.0,0.0007,0.0,0.0,0.0,0.0072,0.0009,0.0,0.0,0.0006,0.0005,0.0,0.0062,0.0011,0.0016,0.0005,0.0,0.0005,0.0,0.0149,0.0062,0.0032,0.004,0.0008,0.0022,0.0,0.0323,0.0076,0.0154,0.0046,0.0023,0.0021,0.0,0.0547,0.0135,0.0195,0.0099,0.0014,0.0024,0.0,0.0666,0.0171,0.0294,0.008,0.0049,0.0033,0.0,0.0847,0.0196,0.043,0.0095,0.004,0.0032,0.0003,0.0998,0.0181,0.0386,0.0052,0.0013,0.0,0.0,0.08,0.0317,0.0683,0.0149,0.0024,0.0015,0.0,0.1391,0.0115,0.0277,0.0011,0.0007,0.0,0.0,0.055,0.0094,0.0143,0.0033,0.0,0.0,0.0,0.0387,0.0151,0.0311,0.0047,0.0015,0.0003,0.0,0.0702,0.0133,0.0264,0.0097,0.0005,0.0,0.0,0.0671,0.001,0.0046,0.0022,0.0,0.0003,0.0,0.0205,0.0011,0.0018,0.0011,0.0,0.0,0.0,0.014,0.0099,0.0231,0.0083,0.0005,0.0003,0.0,0.0621,0.2725,0.4258,0.1666,0.0547,0.0659,0.0036,1.0
Sydenham,0.0035,0.0072,0.0063,0.0,0.0005,0.0,0.0306,0.0003,0.0,0.0008,0.0,0.0,0.0,0.0033,0.0013,0.0005,0.0026,0.0,0.0006,0.0,0.0113,0.0005,0.0009,0.0003,0.0004,0.0004,0.0,0.0088,0.0019,0.0038,0.0024,0.0,0.0005,0.0,0.0192,0.0022,0.0046,0.0029,0.0006,0.0022,0.0,0.0258,0.0056,0.0147,0.0069,0.0015,0.0031,0.0,0.0445,0.0078,0.021,0.0086,0.0012,0.0013,0.0,0.0567,0.0059,0.0248,0.0115,0.0012,0.0019,0.0,0.0659,0.0086,0.037,0.0108,0.002,0.0026,0.0,0.0802,0.0084,0.0313,0.0046,0.0006,0.0007,0.0,0.0633,0.0225,0.0694,0.0262,0.0017,0.0021,0.0,0.1332,0.0071,0.029,0.0035,0.0013,0.0004,0.0,0.0567,0.0045,0.0235,0.0022,0.0,0.0005,0.0,0.0417,0.0117,0.0392,0.0073,0.0011,0.0003,0.0004,0.0744,0.0125,0.0394,0.0142,0.0009,0.0003,0.0,0.0873,0.0014,0.0117,0.0034,0.0,0.0,0.0,0.0237,0.001,0.0066,0.0014,0.0003,0.0,0.0,0.0169,0.0071,0.0291,0.0155,0.003,0.0043,0.0003,0.0881,0.182,0.4743,0.2159,0.0513,0.0677,0.0042,1.0
Tarneit,0.0027,0.0062,0.0024,0.0008,0.0009,0.0,0.0213,0.0006,0.0002,0.0002,0.0,0.0,0.0,0.0024,0.0008,0.0003,0.0003,0.0,0.0,0.0,0.0055,0.0005,0.0006,0.0002,0.0,0.0,0.0,0.0042,0.0016,0.0023,0.0009,0.0,0.0006,0.0,0.0127,0.0028,0.0039,0.0026,0.0005,0.0006,0.0,0.0244,0.0069,0.0101,0.0032,0.0004,0.0007,0.0,0.0337,0.0086,0.027,0.0057,0.0007,0.0009,0.0,0.0607,0.0121,0.0464,0.0064,0.0025,0.0013,0.0,0.0862,0.0148,0.0675,0.0076,0.0024,0.0013,0.0,0.1133,0.0162,0.0737,0.0052,0.0006,0.0002,0.0,0.1101,0.027,0.0959,0.0111,0.0031,0.0025,0.0002,0.154,0.0094,0.046,0.0018,0.0002,0.0003,0.0,0.0717,0.0061,0.0323,0.0015,0.0002,0.0,0.0,0.0479,0.005,0.0286,0.0029,0.0,0.0007,0.0,0.0504,0.0043,0.0255,0.005,0.0007,0.0,0.0,0.0477,0.0004,0.0048,0.0005,0.0,0.0,0.0,0.0103,0.0013,0.0047,0.0,0.0002,0.0,0.0,0.011,0.0069,0.0308,0.008,0.0014,0.0004,0.0003,0.0647,0.2016,0.5675,0.1309,0.0389,0.0399,0.0024,1.0
Thomastown,0.0027,0.0063,0.0034,0.0,0.0004,0.0,0.0248,0.0,0.0009,0.0,0.0,0.0,0.0,0.0028,0.0009,0.0004,0.0,0.0,0.0,0.0,0.0075,0.0013,0.0006,0.0015,0.0003,0.0,0.0,0.0083,0.0007,0.0036,0.001,0.0004,0.0011,0.0,0.0154,0.0019,0.0038,0.0014,0.0,0.0019,0.0,0.0221,0.0057,0.0091,0.0028,0.0,0.0022,0.0,0.0433,0.0042,0.0233,0.0043,0.0017,0.0015,0.0,0.0565,0.0083,0.0339,0.0052,0.0024,0.0022,0.0,0.0709,0.0129,0.0484,0.0043,0.0024,0.002,0.0,0.0985,0.0125,0.0528,0.0063,0.0015,0.0025,0.0,0.0905,0.0211,0.0774,0.0109,0.001,0.0029,0.0003,0.1454,0.0118,0.044,0.0035,0.0,0.0009,0.0,0.0772,0.0049,0.0284,0.0014,0.001,0.0,0.0,0.0498,0.0069,0.0321,0.0033,0.0004,0.0,0.0,0.0584,0.0067,0.0376,0.0027,0.0004,0.0003,0.0,0.0668,0.0013,0.0105,0.0009,0.0,0.0003,0.0,0.0175,0.0012,0.0063,0.0004,0.0,0.0,0.0,0.0148,0.0076,0.0318,0.0077,0.0013,0.0029,0.0,0.0739,0.205,0.5288,0.1384,0.0485,0.0624,0.0042,1.0
Warrandyte,0.0088,0.0066,0.0058,0.0,0.0019,0.0,0.0401,0.0,0.0,0.0012,0.0,0.0,0.0,0.0035,0.0018,0.0004,0.0013,0.0,0.0,0.0,0.0113,0.0016,0.0004,0.0017,0.0,0.0005,0.0,0.0124,0.0013,0.0018,0.0018,0.0,0.0,0.0,0.013,0.0011,0.0032,0.0025,0.0004,0.0,0.0,0.0184,0.0053,0.0058,0.0056,0.0,0.0003,0.0,0.0302,0.0017,0.0101,0.004,0.0004,0.0013,0.0,0.0317,0.0032,0.0063,0.0038,0.0004,0.0016,0.0,0.0343,0.0032,0.0134,0.0035,0.0,0.001,0.0,0.0334,0.0035,0.011,0.0026,0.0,0.0008,0.0,0.0304,0.01,0.0392,0.0158,0.0015,0.002,0.0,0.0854,0.0039,0.0217,0.0029,0.0,0.0,0.0,0.0421,0.0045,0.0194,0.0038,0.0,0.0,0.0,0.0403,0.0132,0.0423,0.006,0.0004,0.0,0.0,0.0816,0.0256,0.0913,0.0278,0.0013,0.0012,0.0003,0.174,0.01,0.0454,0.0127,0.0,0.0005,0.0,0.085,0.0071,0.0382,0.0113,0.0006,0.0004,0.0,0.0829,0.0077,0.0227,0.0116,0.0004,0.0016,0.0,0.0618,0.2106,0.4674,0.2285,0.0294,0.0452,0.0008,1.0
Wendouree,0.0058,0.004,0.0017,0.0006,0.0,0.0,0.022,0.002,0.0,0.0002,0.0,0.0012,0.0,0.005,0.0031,0.0005,0.0009,0.0006,0.0017,0.0,0.0171,0.0012,0.0017,0.0005,0.0,0.0,0.0,0.0085,0.0084,0.0049,0.0032,0.0017,0.0014,0.0,0.0427,0.0119,0.0209,0.0035,0.0014,0.0043,0.0,0.0693,0.0185,0.0313,0.0096,0.0053,0.0021,0.0,0.0922,0.0307,0.0403,0.0104,0.007,0.005,0.0,0.1293,0.024,0.0412,0.0055,0.006,0.0015,0.0,0.1207,0.0253,0.0481,0.0108,0.0024,0.0017,0.0,0.1076,0.0118,0.0258,0.0024,0.0005,0.0,0.0,0.056,0.0191,0.038,0.004,0.0,0.0006,0.0,0.076,0.0011,0.0104,0.0,0.0,0.0,0.0,0.0197,0.0014,0.006,0.0,0.0,0.0,0.0,0.014,0.0021,0.0111,0.0021,0.0006,0.0,0.0,0.0343,0.0058,0.0147,0.0031,0.0,0.0,0.0,0.0403,0.0,0.0055,0.0005,0.0,0.0005,0.0,0.009,0.0,0.0047,0.0005,0.0,0.0,0.0,0.0096,0.0087,0.0076,0.0018,0.0006,0.0,0.0,0.0403,0.2795,0.4191,0.1445,0.0646,0.0655,0.0047,1.0
Werribee,0.0031,0.0035,0.0019,0.0003,0.0,0.0,0.0185,0.0003,0.0,0.0,0.0004,0.0,0.0,0.0023,0.001,0.0,0.0005,0.0003,0.0003,0.0,0.0074,0.0011,0.001,0.0003,0.0,0.0,0.0,0.0081,0.0022,0.0006,0.0008,0.0004,0.0006,0.0003,0.0177,0.0032,0.0055,0.0017,0.0,0.0009,0.0,0.0268,0.0057,0.013,0.0035,0.0013,0.0016,0.0,0.0424,0.0139,0.0287,0.0077,0.002,0.002,0.0,0.0718,0.0143,0.0456,0.0083,0.002,0.0021,0.0,0.1008,0.0191,0.0672,0.0099,0.002,0.0004,0.0,0.1183,0.0262,0.0619,0.0035,0.0012,0.0008,0.0003,0.1067,0.0288,0.0772,0.0078,0.0031,0.0007,0.0,0.1403,0.0119,0.0337,0.0032,0.0,0.0003,0.0,0.0609,0.0055,0.0262,0.002,0.0004,0.0,0.0,0.0377,0.0087,0.0254,0.0031,0.0004,0.0004,0.0,0.0496,0.0061,0.0234,0.0039,0.0,0.0004,0.0,0.0472,0.0004,0.003,0.0004,0.0,0.0,0.0,0.0084,0.0005,0.0027,0.0004,0.0,0.0,0.0,0.0076,0.0048,0.0228,0.0059,0.0004,0.0011,0.0,0.0523,0.2413,0.5071,0.1339,0.0504,0.054,0.0033,1.0
Williamstown,0.0056,0.0056,0.0027,0.0,0.0009,0.0,0.033,0.0005,0.0,0.0004,0.0,0.0,0.0,0.0019,0.0,0.0,0.0,0.0,0.0,0.0,0.0041,0.0005,0.0004,0.0,0.0,0.0,0.0,0.0036,0.0013,0.0,0.0015,0.0,0.0,0.0,0.0099,0.0008,0.0008,0.0025,0.0,0.0,0.0,0.0127,0.0024,0.0061,0.0021,0.0,0.0004,0.0,0.0299,0.0029,0.0072,0.0025,0.0007,0.0,0.0,0.033,0.006,0.0092,0.0025,0.0,0.0004,0.0,0.0326,0.0063,0.0102,0.0012,0.0008,0.0005,0.0,0.0403,0.0061,0.018,0.0005,0.0004,0.0004,0.0,0.0342,0.0151,0.0418,0.0039,0.0013,0.0,0.0,0.0825,0.0118,0.0207,0.0,0.0,0.0,0.0,0.0479,0.0068,0.0263,0.0016,0.0,0.0007,0.0,0.0513,0.0218,0.0475,0.0041,0.0012,0.0013,0.0,0.0958,0.0447,0.1121,0.0106,0.0004,0.0,0.0,0.1913,0.0159,0.0533,0.0065,0.0,0.0,0.0,0.0931,0.0071,0.0425,0.0067,0.0,0.0,0.0,0.0707,0.0092,0.0196,0.0051,0.0012,0.0,0.0,0.0576,0.2643,0.5019,0.1318,0.0431,0.0402,0.0013,1.0
Yan Yean,0.0021,0.005,0.0027,0.0,0.0003,0.0,0.0174,0.0004,0.0006,0.0003,0.0,0.0,0.0,0.0023,0.0008,0.0003,0.0003,0.0004,0.0,0.0,0.0036,0.001,0.0003,0.0,0.0,0.0004,0.0,0.0049,0.0006,0.0015,0.0006,0.0004,0.0003,0.0,0.0099,0.0003,0.0066,0.0025,0.0003,0.0009,0.0,0.0219,0.0047,0.013,0.004,0.0007,0.0015,0.0,0.0369,0.0068,0.0194,0.0039,0.0011,0.0025,0.0,0.0551,0.0133,0.0352,0.0069,0.0024,0.0034,0.0,0.0731,0.0151,0.0545,0.0083,0.0021,0.0011,0.0,0.102,0.0186,0.0556,0.0044,0.0008,0.0015,0.0,0.0951,0.0256,0.0857,0.0135,0.002,0.0022,0.0,0.1481,0.0144,0.0449,0.003,0.0009,0.0005,0.0,0.0724,0.0055,0.0356,0.0027,0.0006,0.0,0.0,0.0539,0.0127,0.0438,0.0068,0.0009,0.0003,0.0,0.0744,0.0113,0.0465,0.0101,0.0003,0.0006,0.0,0.0828,0.0027,0.0102,0.0025,0.0,0.0,0.0,0.0239,0.0028,0.0109,0.0029,0.0,0.0,0.0,0.0223,0.0059,0.0286,0.0074,0.0007,0.0003,0.0,0.0575,0.2151,0.5389,0.1418,0.0484,0.0496,0.0028,1.0
