district,M_0_299_DS_DS_Sept_house_n,M_0_299_DS_DS_Sept_house_pc,M_0_299_DS_DS_sd_row_tce_hs_t_n,M_0_299_DS_DS_sd_row_tce_hs_t_pc,M_0_299_DS_DS_Flat_apart_n,M_0_299_DS_DS_Flat_apart_pc,M_0_299_DS_DS_Other_dwg_n,M_0_299_DS_DS_Other_dwg_pc,M_0_299_DS_ns_n,M_0_299_DS_ns_pc,M_0_299_Tot_n,M_0_299_Tot_pc,M_300_449_DS_Separate_hse_n,M_300_449_DS_Separate_hse_pc,M_300_449_DS_sd_row_tc_hse_th_n,M_300_449_DS_sd_row_tc_hse_th_pc,M_300_449_DS_Flat_apart_n,M_300_449_DS_Flat_apart_pc,M_300_449_DS_Other_dwg_n,M_300_449_DS_Other_dwg_pc,M_300_449_DS_ns_n,M_300_449_DS_ns_pc,M_300_449_Tot_n,M_300_449_Tot_pc,M_450_599_DS_Separate_hse_n,M_450_599_DS_Separate_hse_pc,M_450_599_DS_sd_row_tce_hs_th_n,M_450_599_DS_sd_row_tce_hs_th_pc,M_450_599_DS_Flat_apart_n,M_450_599_DS_Flat_apart_pc,M_450_599_DS_Other_dwg_n,M_450_599_DS_Other_dwg_pc,M_450_599_DS_ns_n,M_450_599_DS_ns_pc,M_450_599_Tot_n,M_450_599_Tot_pc,M_600_799_DS_Separate_hse_n,M_600_799_DS_Separate_hse_pc,M_600_799_DS_sd_row_tc_hs_th_n,M_600_799_DS_sd_row_tc_hs_th_pc,M_600_799_DS_Flat_apart_n,M_600_799_DS_Flat_apart_pc,M_600_799_DS_Other_dwg_n,M_600_799_DS_Other_dwg_pc,M_600_799_DS_ns_n,M_600_799_DS_ns_pc,M_600_799_Tot_n,M_600_799_Tot_pc,M_800_999_DS_Separate_hse_n,M_800_999_DS_Separate_hse_pc,M_800_999_DS_sd_row_tc_hs_th_n,M_800_999_DS_sd_row_tc_hs_th_pc,M_800_999_DS_Flat_apart_n,M_800_999_DS_Flat_apart_pc,M_800_999_DS_Other_dwg_n,M_800_999_DS_Other_dwg_pc,M_800_999_DS_ns_n,M_800_999_DS_ns_pc,M_800_999_Tot_n,M_800_999_Tot_pc,M_1000_1399_DS_Separate_hse_n,M_1000_1399_DS_Separate_hse_pc,M_1000_1399_DS_sd_rw_tc_h_th_n,M_1000_1399_DS_sd_rw_tc_h_th_pc,M_1000_1399_DS_Flat_apart_n,M_1000_1399_DS_Flat_apart_pc,M_1000_1399_DS_Other_dwg_n,M_1000_1399_DS_Other_dwg_pc,M_1000_1399_DS_ns_n,M_1000_1399_DS_ns_pc,M_1000_1399_Tot_n,M_1000_1399_Tot_pc,M_1400_1799_DS_Separate_hse_n,M_1400_1799_DS_Separate_hse_pc,M_1400_1799_DS_sd_rw_tc_h_th_n,M_1400_1799_DS_sd_rw_tc_h_th_pc,M_1400_1799_DS_Flat_apart_n,M_1400_1799_DS_Flat_apart_pc,M_1400_1799_DS_Other_dwg_n,M_1400_1799_DS_Other_dwg_pc,M_1400_1799_DS_ns_n,M_1400_1799_DS_ns_pc,M_1400_1799_Tot_n,M_1400_1799_Tot_pc,M_1800_2399_DS_Separate_hse_n,M_1800_2399_DS_Separate_hse_pc,M_1800_2399_DS_sd_rw_tc_h_th_n,M_1800_2399_DS_sd_rw_tc_h_th_pc,M_1800_2399_DS_Flat_apart_n,M_1800_2399_DS_Flat_apart_pc,M_1800_2399_DS_Other_dwg_n,M_1800_2399_DS_Other_dwg_pc,M_1800_2399_DS_ns_n,M_1800_2399_DS_ns_pc,M_1800_2399_Tot_n,M_1800_2399_Tot_pc,M_2400_2999_DS_Separate_hse_n,M_2400_2999_DS_Separate_hse_pc,M_2400_2999_DS_sd_rw_tc_h_th_n,M_2400_2999_DS_sd_rw_tc_h_th_pc,M_2400_2999_DS_Flat_apart_n,M_2400_2999_DS_Flat_apart_pc,M_2400_2999_DS_Other_dwg_n,M_2400_2999_DS_Other_dwg_pc,M_2400_2999_DS_ns_n,M_2400_2999_DS_ns_pc,M_2400_2999_Tot_n,M_2400_2999_Tot_pc,M_3000_3999_DS_Separate_hse_n,M_3000_3999_DS_Separate_hse_pc,M_3000_3999_DS_sd_rw_tc_h_th_n,M_3000_3999_DS_sd_rw_tc_h_th_pc,M_3000_3999_DS_Flt_apart_n,M_3000_3999_DS_Flt_apart_pc,M_3000_3999_DS_Other_dwg_n,M_3000_3999_DS_Other_dwg_pc,M_3000_3999_DS_ns_n,M_3000_3999_DS_ns_pc,M_3000_3999_Tot_n,M_3000_3999_Tot_pc,M_4000_over_DS_Separate_hse_n,M_4000_over_DS_Separate_hse_pc,M_4000_ov_DS_sd_rw_tce_hs_th_n,M_4000_ov_DS_sd_rw_tce_hs_th_pc,M_4000_over_DS_Flat_apart_n,M_4000_over_DS_Flat_apart_pc,M_4000_over_DS_Other_dwg_n,M_4000_over_DS_Other_dwg_pc,M_4000_DS_over_ns_n,M_4000_DS_over_ns_pc,M_4000_over_Tot_n,M_4000_over_Tot_pc,Mort_Rpmnt_ns_DS_Separat_hs_n,Mort_Rpmnt_ns_DS_Separat_hs_pc,Mrt_Rpmt_ns_DS_sd_rw_tc_hs_th_n,Mrt_Rpmt_ns_DS_sd_rw_tc_hs_th_pc,Mrt_Rpmt_ns_DS_Flat_apart_n,Mrt_Rpmt_ns_DS_Flat_apart_pc,Mort_Rpmnt_ns_DS_Other_dwg_n,Mort_Rpmnt_ns_DS_Other_dwg_pc,Mort_Rpmnt_ns_DS_ns_n,Mort_Rpmnt_ns_DS_ns_pc,Mort_Rpmnt_ns_Total_n,Mort_Rpmnt_ns_Total_pc,Tot_DS_Separate_hse_n,Tot_DS_Separate_hse_pc,Tot_DS_sd_row_tce_hse_thse_n,Tot_DS_sd_row_tce_hse_thse_pc,Tot_DS_Flat_apartment_n,Tot_DS_Flat_apartment_pc,Tot_DS_Other_dwg_n,Tot_DS_Other_dwg_pc,Tot_DS_ns_n,Tot_DS_ns_pc,Tot_Tot_n,Tot_Tot_pc,Tot_Tot_total
Albert Park,36.0,0.0044,121.0,0.015,165.0,0.0204,0.0,0.0,0.0,0.0,407.0,0.0503,3.0,0.0004,6.0,0.0007,20.0,0.0025,0.0,0.0,0.0,0.0,38.0,0.0047,0.0,0.0,10.0,0.0012,0.0,0.0,0.0,0.0,0.0,0.0,22.0,0.0027,0.0,0.0,18.0,0.0022,53.0,0.0065,0.0,0.0,0.0,0.0,88.0,0.0109,0.0,0.0,23.0,0.0028,85.0,0.0105,0.0,0.0,0.0,0.0,125.0,0.0154,6.0,0.0007,104.0,0.0129,523.0,0.0646,13.0,0.0016,0.0,0.0,643.0,0.0795,7.0,0.0009,81.0,0.01,824.0,0.1018,12.0,0.0015,0.0,0.0,988.0,0.1221,27.0,0.0033,255.0,0.0315,1191.0,0.1472,21.0,0.0026,0.0,0.0,1570.0,0.194,10.0,0.0012,149.0,0.0184,561.0,0.0693,0.0,0.0,0.0,0.0,793.0,0.098,58.0,0.0072,387.0,0.0478,459.0,0.0567,6.0,0.0007,0.0,0.0,950.0,0.1174,259.0,0.032,950.0,0.1174,335.0,0.0414,0.0,0.0,0.0,0.0,1691.0,0.209,31.0,0.0038,154.0,0.019,232.0,0.0287,5.0,0.0006,0.0,0.0,488.0,0.0603,620.0,0.0766,2630.0,0.325,4768.0,0.5892,89.0,0.011,0.0,0.0,8092.0,1.0,8092.0
Ashwood,481.0,0.0522,55.0,0.006,30.0,0.0033,0.0,0.0,0.0,0.0,604.0,0.0655,47.0,0.0051,9.0,0.001,0.0,0.0,0.0,0.0,0.0,0.0,79.0,0.0086,26.0,0.0028,0.0,0.0,0.0,0.0,0.0,0.0,0.0,0.0,43.0,0.0047,51.0,0.0055,11.0,0.0012,0.0,0.0,0.0,0.0,0.0,0.0,88.0,0.0095,73.0,0.0079,0.0,0.0,16.0,0.0017,0.0,0.0,0.0,0.0,116.0,0.0126,361.0,0.0391,54.0,0.0059,72.0,0.0078,0.0,0.0,0.0,0.0,576.0,0.0625,317.0,0.0344,80.0,0.0087,94.0,0.0102,0.0,0.0,0.0,0.0,629.0,0.0682,676.0,0.0733,199.0,0.0216,216.0,0.0234,0.0,0.0,0.0,0.0,1218.0,0.1321,551.0,0.0597,216.0,0.0234,150.0,0.0163,0.0,0.0,0.0,0.0,1006.0,0.1091,1122.0,0.1217,213.0,0.0231,167.0,0.0181,0.0,0.0,0.0,0.0,1571.0,0.1703,1903.0,0.2063,184.0,0.02,72.0,0.0078,0.0,0.0,0.0,0.0,2277.0,0.2469,411.0,0.0446,44.0,0.0048,42.0,0.0046,0.0,0.0,0.0,0.0,578.0,0.0627,6576.0,0.713,1428.0,0.1548,1194.0,0.1295,0.0,0.0,0.0,0.0,9223.0,1.0,9223.0
Bass,358.0,0.0382,8.0,0.0009,0.0,0.0,0.0,0.0,0.0,0.0,380.0,0.0406,110.0,0.0117,0.0,0.0,0.0,0.0,0.0,0.0,0.0,0.0,110.0,0.0117,117.0,0.0125,0.0,0.0,0.0,0.0,0.0,0.0,0.0,0.0,139.0,0.0148,242.0,0.0258,12.0,0.0013,0.0,0.0,0.0,0.0,0.0,0.0,262.0,0.028,399.0,0.0426,7.0,0.0007,0.0,0.0,0.0,0.0,0.0,0.0,426.0,0.0455,1403.0,0.1498,10.0,0.0011,9.0,0.001,0.0,0.0,0.0,0.0,1426.0,0.1523,1686.0,0.18,12.0,0.0013,6.0,0.0006,0.0,0.0,0.0,0.0,1713.0,0.1829,2200.0,0.2349,17.0,0.0018,6.0,0.0006,0.0,0.0,0.0,0.0,2230.0,0.2381,826.0,0.0882,6.0,0.0006,0.0,0.0,0.0,0.0,0.0,0.0,836.0,0.0893,579.0,0.0618,3.0,0.0003,0.0,0.0,0.0,0.0,0.0,0.0,600.0,0.0641,261.0,0.0279,0.0,0.0,0.0,0.0,0.0,0.0,0.0,0.0,263.0,0.0281,608.0,0.0649,0.0,0.0,0.0,0.0,0.0,0.0,0.0,0.0,622.0,0.0664,9120.0,0.9738,145.0,0.0155,47.0,0.005,0.0,0.0,0.0,0.0,9365.0,1.0,9365.0
Bayswater,411.0,0.0385,49.0,0.0046,3.0,0.0003,0.0,0.0,0.0,0.0,476.0,0.0446,86.0,0.008,0.0,0.0,0.0,0.0,0.0,0.0,0.0,0.0,106.0,0.0099,62.0,0.0058,4.0,0.0004,0.0,0.0,0.0,0.0,0.0,0.0,76.0,0.0071,195.0,0.0183,20.0,0.0019,0.0,0.0,0.0,0.0,0.0,0.0,216.0,0.0202,327.0,0.0306,39.0,0.0037,0.0,0.0,0.0,0.0,0.0,0.0,401.0,0.0375,1032.0,0.0966,166.0,0.0155,51.0,0.0048,0.0,0.0,0.0,0.0,1287.0,0.1205,1190.0,0.1114,310.0,0.029,83.0,0.0078,0.0,0.0,0.0,0.0,1620.0,0.1516,2112.0,0.1977,445.0,0.0417,54.0,0.0051,0.0,0.0,0.0,0.0,2650.0,0.248,1340.0,0.1254,164.0,0.0154,18.0,0.0017,0.0,0.0,0.0,0.0,1569.0,0.1469,866.0,0.0811,79.0,0.0074,0.0,0.0,0.0,0.0,0.0,0.0,964.0,0.0902,316.0,0.0296,11.0,0.001,0.0,0.0,0.0,0.0,0.0,0.0,353.0,0.033,458.0,0.0429,48.0,0.0045,3.0,0.0003,0.0,0.0,0.0,0.0,559.0,0.0523,8785.0,0.8223,1644.0,0.1539,284.0,0.0266,0.0,0.0,0.0,0.0,10684.0,1.0,10684.0
Bellarine,387.0,0.0418,3.0,0.0003,0.0,0.0,0.0,0.0,0.0,0.0,418.0,0.0452,170.0,0.0184,4.0,0.0004,0.0,0.0,0.0,0.0,0.0,0.0,193.0,0.0208,104.0,0.0112,0.0,0.0,0.0,0.0,0.0,0.0,0.0,0.0,121.0,0.0131,297.0,0.0321,13.0,0.0014,0.0,0.0,0.0,0.0,0.0,0.0,314.0,0.0339,354.0,0.0382,0.0,0.0,0.0,0.0,0.0,0.0,0.0,0.0,368.0,0.0398,1229.0,0.1328,25.0,0.0027,0.0,0.0,0.0,0.0,0.0,0.0,1265.0,0.1367,1586.0,0.1713,19.0,0.0021,0.0,0.0,0.0,0.0,0.0,0.0,1637.0,0.1768,2128.0,0.2299,22.0,0.0024,0.0,0.0,0.0,0.0,0.0,0.0,2132.0,0.2303,865.0,0.0934,0.0,0.0,0.0,0.0,0.0,0.0,0.0,0.0,865.0,0.0934,649.0,0.0701,6.0,0.0006,0.0,0.0,0.0,0.0,0.0,0.0,664.0,0.0717,400.0,0.0432,3.0,0.0003,0.0,0.0,0.0,0.0,0.0,0.0,415.0,0.0448,452.0,0.0488,4.0,0.0004,0.0,0.0,0.0,0.0,0.0,0.0,467.0,0.0504,8979.0,0.97,182.0,0.0197,16.0,0.0017,3.0,0.0003,3.0,0.0003,9257.0,1.0,9257.0
Benambra,357.0,0.0402,0.0,0.0,0.0,0.0,0.0,0.0,0.0,0.0,373.0,0.042,170.0,0.0191,0.0,0.0,0.0,0.0,0.0,0.0,0.0,0.0,169.0,0.019,136.0,0.0153,0.0,0.0,0.0,0.0,0.0,0.0,0.0,0.0,148.0,0.0167,315.0,0.0354,4.0,0.0005,0.0,0.0,0.0,0.0,0.0,0.0,352.0,0.0396,620.0,0.0698,24.0,0.0027,3.0,0.0003,0.0,0.0,0.0,0.0,683.0,0.0769,1968.0,0.2214,25.0,0.0028,0.0,0.0,0.0,0.0,0.0,0.0,2000.0,0.225,1918.0,0.2158,0.0,0.0,0.0,0.0,0.0,0.0,4.0,0.0005,1940.0,0.2183,1479.0,0.1664,0.0,0.0,0.0,0.0,0.0,0.0,4.0,0.0005,1492.0,0.1679,377.0,0.0424,4.0,0.0005,0.0,0.0,0.0,0.0,0.0,0.0,385.0,0.0433,347.0,0.039,0.0,0.0,0.0,0.0,0.0,0.0,0.0,0.0,342.0,0.0385,168.0,0.0189,0.0,0.0,0.0,0.0,0.0,0.0,0.0,0.0,168.0,0.0189,400.0,0.045,3.0,0.0003,0.0,0.0,0.0,0.0,0.0,0.0,422.0,0.0475,8700.0,0.979,148.0,0.0167,17.0,0.0019,4.0,0.0005,13.0,0.0015,8887.0,1.0,8887.0
Bendigo East,352.0,0.0348,6.0,0.0006,0.0,0.0,0.0,0.0,0.0,0.0,367.0,0.0363,182.0,0.018,0.0,0.0,0.0,0.0,0.0,0.0,0.0,0.0,180.0,0.0178,163.0,0.0161,0.0,0.0,0.0,0.0,0.0,0.0,0.0,0.0,164.0,0.0162,422.0,0.0417,0.0,0.0,0.0,0.0,0.0,0.0,0.0,0.0,433.0,0.0428,658.0,0.0651,6.0,0.0006,0.0,0.0,0.0,0.0,0.0,0.0,707.0,0.0699,2170.0,0.2145,39.0,0.0039,3.0,0.0003,0.0,0.0,0.0,0.0,2255.0,0.2229,2240.0,0.2215,14.0,0.0014,4.0,0.0004,0.0,0.0,8.0,0.0008,2301.0,0.2275,1698.0,0.1679,10.0,0.001,0.0,0.0,0.0,0.0,0.0,0.0,1736.0,0.1716,467.0,0.0462,0.0,0.0,0.0,0.0,0.0,0.0,0.0,0.0,481.0,0.0476,336.0,0.0332,0.0,0.0,0.0,0.0,0.0,0.0,0.0,0.0,346.0,0.0342,201.0,0.0199,0.0,0.0,0.0,0.0,0.0,0.0,0.0,0.0,204.0,0.0202,504.0,0.0498,3.0,0.0003,0.0,0.0,0.0,0.0,0.0,0.0,519.0,0.0513,9797.0,0.9686,192.0,0.019,8.0,0.0008,0.0,0.0,8.0,0.0008,10115.0,1.0,10115.0
Bendigo West,365.0,0.0431,0.0,0.0,0.0,0.0,0.0,0.0,0.0,0.0,382.0,0.0451,190.0,0.0224,0.0,0.0,0.0,0.0,0.0,0.0,0.0,0.0,202.0,0.0238,203.0,0.0239,6.0,0.0007,0.0,0.0,0.0,0.0,0.0,0.0,210.0,0.0248,409.0,0.0482,7.0,0.0008,0.0,0.0,0.0,0.0,0.0,0.0,427.0,0.0504,642.0,0.0757,11.0,0.0013,0.0,0.0,0.0,0.0,0.0,0.0,661.0,0.078,1972.0,0.2326,19.0,0.0022,3.0,0.0004,0.0,0.0,0.0,0.0,2043.0,0.241,1799.0,0.2122,8.0,0.0009,0.0,0.0,0.0,0.0,0.0,0.0,1806.0,0.213,1214.0,0.1432,6.0,0.0007,0.0,0.0,0.0,0.0,0.0,0.0,1208.0,0.1425,402.0,0.0474,0.0,0.0,0.0,0.0,0.0,0.0,0.0,0.0,405.0,0.0478,222.0,0.0262,0.0,0.0,0.0,0.0,0.0,0.0,0.0,0.0,226.0,0.0267,127.0,0.015,0.0,0.0,0.0,0.0,0.0,0.0,0.0,0.0,135.0,0.0159,409.0,0.0482,0.0,0.0,0.0,0.0,0.0,0.0,0.0,0.0,410.0,0.0484,8268.0,0.9753,139.0,0.0164,10.0,0.0012,0.0,0.0,0.0,0.0,8477.0,1.0,8477.0
Bentleigh,422.0,0.0405,23.0,0.0022,38.0,0.0036,0.0,0.0,0.0,0.0,569.0,0.0546,47.0,0.0045,0.0,0.0,0.0,0.0,0.0,0.0,0.0,0.0,102.0,0.0098,48.0,0.0046,4.0,0.0004,3.0,0.0003,0.0,0.0,0.0,0.0,76.0,0.0073,102.0,0.0098,3.0,0.0003,9.0,0.0009,0.0,0.0,0.0,0.0,123.0,0.0118,136.0,0.0131,14.0,0.0013,9.0,0.0009,0.0,0.0,0.0,0.0,186.0,0.0179,378.0,0.0363,81.0,0.0078,150.0,0.0144,0.0,0.0,0.0,0.0,730.0,0.0701,463.0,0.0444,101.0,0.0097,248.0,0.0238,0.0,0.0,0.0,0.0,906.0,0.087,929.0,0.0892,386.0,0.0371,393.0,0.0377,0.0,0.0,0.0,0.0,1793.0,0.1721,742.0,0.0712,246.0,0.0236,165.0,0.0158,0.0,0.0,0.0,0.0,1268.0,0.1217,1356.0,0.1302,337.0,0.0323,123.0,0.0118,0.0,0.0,0.0,0.0,1941.0,0.1863,1403.0,0.1347,271.0,0.026,92.0,0.0088,0.0,0.0,0.0,0.0,1902.0,0.1826,434.0,0.0417,90.0,0.0086,54.0,0.0052,0.0,0.0,0.0,0.0,655.0,0.0629,6944.0,0.6665,1993.0,0.1913,1487.0,0.1427,14.0,0.0013,8.0,0.0008,10418.0,1.0,10418.0
Berwick,348.0,0.0255,18.0,0.0013,0.0,0.0,0.0,0.0,0.0,0.0,370.0,0.0271,82.0,0.006,4.0,0.0003,0.0,0.0,0.0,0.0,0.0,0.0,89.0,0.0065,82.0,0.006,0.0,0.0,0.0,0.0,0.0,0.0,0.0,0.0,91.0,0.0067,104.0,0.0076,0.0,0.0,0.0,0.0,0.0,0.0,0.0,0.0,128.0,0.0094,231.0,0.0169,6.0,0.0004,0.0,0.0,0.0,0.0,0.0,0.0,249.0,0.0183,953.0,0.0699,33.0,0.0024,3.0,0.0002,0.0,0.0,0.0,0.0,1010.0,0.0741,1673.0,0.1227,61.0,0.0045,0.0,0.0,0.0,0.0,0.0,0.0,1759.0,0.129,3901.0,0.2861,157.0,0.0115,4.0,0.0003,0.0,0.0,0.0,0.0,4100.0,0.3007,2319.0,0.1701,28.0,0.0021,0.0,0.0,0.0,0.0,0.0,0.0,2388.0,0.1751,1448.0,0.1062,14.0,0.001,0.0,0.0,0.0,0.0,0.0,0.0,1474.0,0.1081,833.0,0.0611,3.0,0.0002,0.0,0.0,0.0,0.0,0.0,0.0,861.0,0.0631,753.0,0.0552,10.0,0.0007,0.0,0.0,0.0,0.0,0.0,0.0,788.0,0.0578,13145.0,0.9641,448.0,0.0329,15.0,0.0011,3.0,0.0002,0.0,0.0,13635.0,1.0,13635.0
Box Hill,449.0,0.0472,100.0,0.0105,18.0,0.0019,0.0,0.0,0.0,0.0,667.0,0.07,64.0,0.0067,14.0,0.0015,3.0,0.0003,0.0,0.0,0.0,0.0,103.0,0.0108,46.0,0.0048,0.0,0.0,0.0,0.0,0.0,0.0,0.0,0.0,71.0,0.0075,93.0,0.0098,18.0,0.0019,9.0,0.0009,0.0,0.0,0.0,0.0,145.0,0.0152,121.0,0.0127,15.0,0.0016,17.0,0.0018,0.0,0.0,0.0,0.0,217.0,0.0228,371.0,0.039,106.0,0.0111,224.0,0.0235,0.0,0.0,0.0,0.0,784.0,0.0823,445.0,0.0467,142.0,0.0149,268.0,0.0281,0.0,0.0,0.0,0.0,952.0,0.1,840.0,0.0882,351.0,0.0369,219.0,0.023,0.0,0.0,0.0,0.0,1443.0,0.1515,657.0,0.069,245.0,0.0257,35.0,0.0037,0.0,0.0,0.0,0.0,1015.0,0.1066,1137.0,0.1194,290.0,0.0305,39.0,0.0041,0.0,0.0,0.0,0.0,1528.0,0.1605,1372.0,0.1441,196.0,0.0206,12.0,0.0013,0.0,0.0,0.0,0.0,1644.0,0.1727,391.0,0.0411,82.0,0.0086,62.0,0.0065,0.0,0.0,0.0,0.0,563.0,0.0591,6378.0,0.6698,1994.0,0.2094,1145.0,0.1202,0.0,0.0,0.0,0.0,9522.0,1.0,9522.0
Brighton,282.0,0.0358,50.0,0.0063,33.0,0.0042,0.0,0.0,0.0,0.0,413.0,0.0524,41.0,0.0052,4.0,0.0005,12.0,0.0015,0.0,0.0,0.0,0.0,72.0,0.0091,17.0,0.0022,0.0,0.0,14.0,0.0018,0.0,0.0,0.0,0.0,40.0,0.0051,20.0,0.0025,7.0,0.0009,18.0,0.0023,0.0,0.0,0.0,0.0,45.0,0.0057,70.0,0.0089,6.0,0.0008,15.0,0.0019,0.0,0.0,0.0,0.0,117.0,0.0148,171.0,0.0217,51.0,0.0065,147.0,0.0186,0.0,0.0,0.0,0.0,460.0,0.0583,103.0,0.0131,33.0,0.0042,257.0,0.0326,0.0,0.0,0.0,0.0,453.0,0.0575,371.0,0.0471,137.0,0.0174,336.0,0.0426,3.0,0.0004,0.0,0.0,981.0,0.1244,271.0,0.0344,121.0,0.0153,215.0,0.0273,0.0,0.0,0.0,0.0,666.0,0.0845,620.0,0.0786,220.0,0.0279,182.0,0.0231,0.0,0.0,0.0,0.0,1073.0,0.1361,2053.0,0.2604,424.0,0.0538,109.0,0.0138,2.0,0.0003,0.0,0.0,2644.0,0.3353,353.0,0.0448,37.0,0.0047,108.0,0.0137,0.0,0.0,0.0,0.0,598.0,0.0758,4680.0,0.5935,1502.0,0.1905,1665.0,0.2112,14.0,0.0018,0.0,0.0,7885.0,1.0,7885.0
Broadmeadows,310.0,0.0366,11.0,0.0013,12.0,0.0014,0.0,0.0,0.0,0.0,386.0,0.0455,57.0,0.0067,9.0,0.0011,3.0,0.0004,0.0,0.0,0.0,0.0,93.0,0.011,40.0,0.0047,4.0,0.0005,0.0,0.0,0.0,0.0,0.0,0.0,64.0,0.0076,142.0,0.0168,11.0,0.0013,6.0,0.0007,0.0,0.0,0.0,0.0,188.0,0.0222,165.0,0.0195,32.0,0.0038,9.0,0.0011,0.0,0.0,0.0,0.0,258.0,0.0304,773.0,0.0912,269.0,0.0317,74.0,0.0087,0.0,0.0,0.0,0.0,1184.0,0.1397,925.0,0.1091,389.0,0.0459,68.0,0.008,0.0,0.0,0.0,0.0,1531.0,0.1806,1302.0,0.1536,611.0,0.0721,53.0,0.0063,0.0,0.0,0.0,0.0,2038.0,0.2405,587.0,0.0693,217.0,0.0256,12.0,0.0014,0.0,0.0,0.0,0.0,832.0,0.0982,468.0,0.0552,85.0,0.01,4.0,0.0005,0.0,0.0,0.0,0.0,607.0,0.0716,170.0,0.0201,23.0,0.0027,0.0,0.0,0.0,0.0,0.0,0.0,244.0,0.0288,421.0,0.0497,65.0,0.0077,5.0,0.0006,0.0,0.0,0.0,0.0,529.0,0.0624,6024.0,0.7108,2091.0,0.2467,323.0,0.0381,3.0,0.0004,0.0,0.0,8475.0,1.0,8475.0
Brunswick,108.0,0.0144,155.0,0.0207,45.0,0.006,0.0,0.0,0.0,0.0,393.0,0.0525,10.0,0.0013,4.0,0.0005,0.0,0.0,0.0,0.0,0.0,0.0,29.0,0.0039,11.0,0.0015,9.0,0.0012,10.0,0.0013,0.0,0.0,0.0,0.0,29.0,0.0039,31.0,0.0041,19.0,0.0025,32.0,0.0043,0.0,0.0,0.0,0.0,90.0,0.012,38.0,0.0051,33.0,0.0044,61.0,0.0081,0.0,0.0,0.0,0.0,190.0,0.0254,102.0,0.0136,142.0,0.019,345.0,0.0461,0.0,0.0,0.0,0.0,684.0,0.0914,162.0,0.0216,130.0,0.0174,549.0,0.0733,0.0,0.0,0.0,0.0,922.0,0.1232,285.0,0.0381,407.0,0.0544,652.0,0.0871,4.0,0.0005,0.0,0.0,1415.0,0.189,252.0,0.0337,277.0,0.037,172.0,0.023,4.0,0.0005,0.0,0.0,817.0,0.1092,439.0,0.0587,466.0,0.0623,133.0,0.0178,0.0,0.0,0.0,0.0,1115.0,0.149,535.0,0.0715,475.0,0.0635,75.0,0.01,0.0,0.0,0.0,0.0,1152.0,0.1539,115.0,0.0154,97.0,0.013,40.0,0.0053,0.0,0.0,0.0,0.0,326.0,0.0436,2451.0,0.3275,2504.0,0.3345,2464.0,0.3292,30.0,0.004,0.0,0.0,7485.0,1.0,7485.0
Bulleen,417.0,0.0497,58.0,0.0069,45.0,0.0054,0.0,0.0,0.0,0.0,549.0,0.0654,22.0,0.0026,3.0,0.0004,6.0,0.0007,0.0,0.0,0.0,0.0,65.0,0.0077,22.0,0.0026,5.0,0.0006,4.0,0.0005,0.0,0.0,0.0,0.0,47.0,0.0056,50.0,0.006,0.0,0.0,15.0,0.0018,0.0,0.0,0.0,0.0,92.0,0.011,97.0,0.0116,10.0,0.0012,10.0,0.0012,0.0,0.0,0.0,0.0,144.0,0.0172,331.0,0.0394,76.0,0.0091,116.0,0.0138,0.0,0.0,0.0,0.0,584.0,0.0696,321.0,0.0383,142.0,0.0169,183.0,0.0218,0.0,0.0,4.0,0.0005,707.0,0.0843,776.0,0.0925,230.0,0.0274,236.0,0.0281,0.0,0.0,0.0,0.0,1312.0,0.1564,523.0,0.0623,222.0,0.0265,71.0,0.0085,0.0,0.0,0.0,0.0,853.0,0.1017,1038.0,0.1237,256.0,0.0305,56.0,0.0067,0.0,0.0,0.0,0.0,1421.0,0.1693,1333.0,0.1589,178.0,0.0212,20.0,0.0024,0.0,0.0,0.0,0.0,1570.0,0.1871,441.0,0.0526,58.0,0.0069,29.0,0.0035,0.0,0.0,0.0,0.0,563.0,0.0671,5906.0,0.7038,1566.0,0.1866,928.0,0.1106,0.0,0.0,4.0,0.0005,8391.0,1.0,8391.0
Bundoora,415.0,0.0454,19.0,0.0021,10.0,0.0011,0.0,0.0,0.0,0.0,481.0,0.0526,75.0,0.0082,9.0,0.001,0.0,0.0,0.0,0.0,0.0,0.0,84.0,0.0092,75.0,0.0082,0.0,0.0,0.0,0.0,0.0,0.0,0.0,0.0,78.0,0.0085,130.0,0.0142,11.0,0.0012,0.0,0.0,0.0,0.0,0.0,0.0,157.0,0.0172,209.0,0.0229,17.0,0.0019,12.0,0.0013,0.0,0.0,0.0,0.0,290.0,0.0317,731.0,0.08,92.0,0.0101,91.0,0.01,0.0,0.0,0.0,0.0,940.0,0.1029,946.0,0.1035,166.0,0.0182,89.0,0.0097,0.0,0.0,0.0,0.0,1273.0,0.1393,1625.0,0.1778,274.0,0.03,34.0,0.0037,0.0,0.0,0.0,0.0,2000.0,0.2188,1175.0,0.1286,91.0,0.01,7.0,0.0008,0.0,0.0,0.0,0.0,1355.0,0.1483,986.0,0.1079,41.0,0.0045,10.0,0.0011,0.0,0.0,0.0,0.0,1074.0,0.1175,549.0,0.0601,7.0,0.0008,0.0,0.0,0.0,0.0,0.0,0.0,589.0,0.0644,528.0,0.0578,23.0,0.0025,8.0,0.0009,0.0,0.0,0.0,0.0,599.0,0.0655,7738.0,0.8467,1067.0,0.1168,281.0,0.0307,0.0,0.0,0.0,0.0,9139.0,1.0,9139.0
Carrum,354.0,0.0277,40.0,0.0031,7.0,0.0005,0.0,0.0,0.0,0.0,469.0,0.0367,87.0,0.0068,14.0,0.0011,0.0,0.0,0.0,0.0,0.0,0.0,127.0,0.0099,67.0,0.0052,16.0,0.0013,3.0,0.0002,0.0,0.0,0.0,0.0,110.0,0.0086,185.0,0.0145,25.0,0.002,6.0,0.0005,0.0,0.0,0.0,0.0,266.0,0.0208,327.0,0.0256,56.0,0.0044,0.0,0.0,0.0,0.0,0.0,0.0,450.0,0.0352,1224.0,0.0957,255.0,0.0199,23.0,0.0018,0.0,0.0,0.0,0.0,1554.0,0.1215,1595.0,0.1247,396.0,0.0309,57.0,0.0045,5.0,0.0004,0.0,0.0,2091.0,0.1634,2681.0,0.2095,498.0,0.0389,63.0,0.0049,0.0,0.0,0.0,0.0,3277.0,0.2561,1453.0,0.1136,177.0,0.0138,20.0,0.0016,0.0,0.0,0.0,0.0,1673.0,0.1308,946.0,0.0739,138.0,0.0108,17.0,0.0013,0.0,0.0,0.0,0.0,1134.0,0.0886,542.0,0.0424,74.0,0.0058,0.0,0.0,0.0,0.0,0.0,0.0,619.0,0.0484,691.0,0.054,63.0,0.0049,7.0,0.0005,0.0,0.0,0.0,0.0,810.0,0.0633,10467.0,0.8181,2008.0,0.1569,264.0,0.0206,8.0,0.0006,0.0,0.0,12795.0,1.0,12795.0
Caulfield,202.0,0.024,89.0,0.0106,34.0,0.004,0.0,0.0,0.0,0.0,431.0,0.0512,6.0,0.0007,7.0,0.0008,6.0,0.0007,0.0,0.0,0.0,0.0,57.0,0.0068,6.0,0.0007,10.0,0.0012,12.0,0.0014,0.0,0.0,0.0,0.0,45.0,0.0053,6.0,0.0007,0.0,0.0,16.0,0.0019,0.0,0.0,0.0,0.0,73.0,0.0087,26.0,0.0031,9.0,0.0011,25.0,0.003,0.0,0.0,0.0,0.0,114.0,0.0135,152.0,0.0181,83.0,0.0099,273.0,0.0324,6.0,0.0007,0.0,0.0,603.0,0.0716,127.0,0.0151,112.0,0.0133,518.0,0.0615,4.0,0.0005,0.0,0.0,893.0,0.1061,329.0,0.0391,230.0,0.0273,725.0,0.0861,3.0,0.0004,0.0,0.0,1376.0,0.1635,200.0,0.0238,253.0,0.0301,273.0,0.0324,4.0,0.0005,0.0,0.0,819.0,0.0973,440.0,0.0523,398.0,0.0473,135.0,0.016,0.0,0.0,0.0,0.0,1069.0,0.127,1315.0,0.1562,389.0,0.0462,77.0,0.0091,0.0,0.0,0.0,0.0,1880.0,0.2234,271.0,0.0322,127.0,0.0151,89.0,0.0106,0.0,0.0,0.0,0.0,624.0,0.0741,3645.0,0.4331,2209.0,0.2625,2539.0,0.3017,20.0,0.0024,0.0,0.0,8416.0,1.0,8416.0
Clarinda,416.0,0.0475,31.0,0.0035,17.0,0.0019,0.0,0.0,0.0,0.0,514.0,0.0587,81.0,0.0092,8.0,0.0009,3.0,0.0003,0.0,0.0,0.0,0.0,95.0,0.0108,54.0,0.0062,3.0,0.0003,3.0,0.0003,0.0,0.0,0.0,0.0,70.0,0.008,122.0,0.0139,40.0,0.0046,10.0,0.0011,0.0,0.0,0.0,0.0,221.0,0.0252,199.0,0.0227,22.0,0.0025,12.0,0.0014,0.0,0.0,0.0,0.0,237.0,0.0271,630.0,0.0719,73.0,0.0083,67.0,0.0077,3.0,0.0003,0.0,0.0,905.0,0.1033,792.0,0.0904,195.0,0.0223,105.0,0.012,0.0,0.0,0.0,0.0,1183.0,0.1351,1309.0,0.1495,309.0,0.0353,101.0,0.0115,4.0,0.0005,0.0,0.0,1758.0,0.2007,947.0,0.1081,147.0,0.0168,6.0,0.0007,0.0,0.0,0.0,0.0,1104.0,0.1261,1034.0,0.1181,100.0,0.0114,7.0,0.0008,0.0,0.0,0.0,0.0,1152.0,0.1315,497.0,0.0567,30.0,0.0034,4.0,0.0005,0.0,0.0,0.0,0.0,577.0,0.0659,459.0,0.0524,33.0,0.0038,18.0,0.0021,0.0,0.0,0.0,0.0,570.0,0.0651,6953.0,0.7939,1291.0,0.1474,443.0,0.0506,5.0,0.0006,0.0,0.0,8758.0,1.0,8758.0
Cranbourne,315.0,0.0213,4.0,0.0003,5.0,0.0003,0.0,0.0,0.0,0.0,356.0,0.0241,95.0,0.0064,0.0,0.0,0.0,0.0,0.0,0.0,0.0,0.0,99.0,0.0067,58.0,0.0039,0.0,0.0,10.0,0.0007,0.0,0.0,0.0,0.0,85.0,0.0058,167.0,0.0113,19.0,0.0013,3.0,0.0002,0.0,0.0,0.0,0.0,190.0,0.0129,327.0,0.0222,17.0,0.0012,5.0,0.0003,0.0,0.0,0.0,0.0,391.0,0.0265,1364.0,0.0924,172.0,0.0117,21.0,0.0014,0.0,0.0,0.0,0.0,1563.0,0.1059,2647.0,0.1794,283.0,0.0192,4.0,0.0003,0.0,0.0,4.0,0.0003,2919.0,0.1978,4686.0,0.3176,244.0,0.0165,0.0,0.0,0.0,0.0,0.0,0.0,5034.0,0.3411,1729.0,0.1172,46.0,0.0031,0.0,0.0,0.0,0.0,0.0,0.0,1841.0,0.1248,756.0,0.0512,20.0,0.0014,0.0,0.0,0.0,0.0,0.0,0.0,785.0,0.0532,353.0,0.0239,3.0,0.0002,0.0,0.0,0.0,0.0,0.0,0.0,366.0,0.0248,767.0,0.052,47.0,0.0032,0.0,0.0,0.0,0.0,0.0,0.0,835.0,0.0566,13568.0,0.9195,1102.0,0.0747,61.0,0.0041,0.0,0.0,4.0,0.0003,14756.0,1.0,14756.0
Croydon,466.0,0.0388,31.0,0.0026,7.0,0.0006,0.0,0.0,0.0,0.0,522.0,0.0435,131.0,0.0109,4.0,0.0003,3.0,0.0002,0.0,0.0,0.0,0.0,158.0,0.0132,120.0,0.01,4.0,0.0003,3.0,0.0002,0.0,0.0,0.0,0.0,143.0,0.0119,184.0,0.0153,19.0,0.0016,3.0,0.0002,0.0,0.0,0.0,0.0,237.0,0.0197,357.0,0.0297,22.0,0.0018,9.0,0.0007,0.0,0.0,0.0,0.0,397.0,0.0331,1125.0,0.0937,128.0,0.0107,59.0,0.0049,0.0,0.0,0.0,0.0,1353.0,0.1127,1536.0,0.128,203.0,0.0169,71.0,0.0059,0.0,0.0,0.0,0.0,1822.0,0.1518,2620.0,0.2183,251.0,0.0209,24.0,0.002,0.0,0.0,0.0,0.0,2957.0,0.2464,1679.0,0.1399,123.0,0.0102,4.0,0.0003,0.0,0.0,0.0,0.0,1778.0,0.1481,1133.0,0.0944,30.0,0.0025,0.0,0.0,0.0,0.0,0.0,0.0,1192.0,0.0993,455.0,0.0379,27.0,0.0022,0.0,0.0,0.0,0.0,0.0,0.0,502.0,0.0418,553.0,0.0461,22.0,0.0018,3.0,0.0002,0.0,0.0,0.0,0.0,591.0,0.0492,10716.0,0.8928,1064.0,0.0886,217.0,0.0181,0.0,0.0,0.0,0.0,12003.0,1.0,12003.0
Dandenong,343.0,0.0401,8.0,0.0009,6.0,0.0007,0.0,0.0,0.0,0.0,407.0,0.0476,86.0,0.0101,7.0,0.0008,4.0,0.0005,0.0,0.0,0.0,0.0,109.0,0.0128,100.0,0.0117,6.0,0.0007,0.0,0.0,0.0,0.0,0.0,0.0,130.0,0.0152,168.0,0.0197,25.0,0.0029,15.0,0.0018,0.0,0.0,0.0,0.0,250.0,0.0292,246.0,0.0288,63.0,0.0074,51.0,0.006,0.0,0.0,0.0,0.0,421.0,0.0492,875.0,0.1024,309.0,0.0361,131.0,0.0153,0.0,0.0,0.0,0.0,1364.0,0.1596,1121.0,0.1311,412.0,0.0482,72.0,0.0084,0.0,0.0,0.0,0.0,1613.0,0.1887,1481.0,0.1732,336.0,0.0393,41.0,0.0048,0.0,0.0,0.0,0.0,1914.0,0.2239,586.0,0.0685,44.0,0.0051,0.0,0.0,0.0,0.0,0.0,0.0,661.0,0.0773,350.0,0.0409,15.0,0.0018,3.0,0.0004,0.0,0.0,0.0,0.0,373.0,0.0436,193.0,0.0226,29.0,0.0034,0.0,0.0,0.0,0.0,0.0,0.0,222.0,0.026,472.0,0.0552,98.0,0.0115,28.0,0.0033,0.0,0.0,0.0,0.0,667.0,0.078,6350.0,0.7428,1602.0,0.1874,486.0,0.0568,0.0,0.0,0.0,0.0,8549.0,1.0,8549.0
Eildon,439.0,0.0435,0.0,0.0,0.0,0.0,0.0,0.0,0.0,0.0,449.0,0.0445,146.0,0.0145,0.0,0.0,0.0,0.0,0.0,0.0,0.0,0.0,153.0,0.0152,164.0,0.0163,0.0,0.0,0.0,0.0,0.0,0.0,0.0,0.0,164.0,0.0163,332.0,0.0329,6.0,0.0006,0.0,0.0,6.0,0.0006,0.0,0.0,341.0,0.0338,480.0,0.0476,6.0,0.0006,0.0,0.0,0.0,0.0,0.0,0.0,493.0,0.0489,1527.0,0.1514,29.0,0.0029,5.0,0.0005,0.0,0.0,0.0,0.0,1591.0,0.1577,1646.0,0.1632,16.0,0.0016,0.0,0.0,0.0,0.0,0.0,0.0,1694.0,0.1679,2102.0,0.2084,7.0,0.0007,0.0,0.0,0.0,0.0,0.0,0.0,2115.0,0.2097,914.0,0.0906,0.0,0.0,0.0,0.0,0.0,0.0,0.0,0.0,928.0,0.092,700.0,0.0694,0.0,0.0,3.0,0.0003,0.0,0.0,0.0,0.0,713.0,0.0707,429.0,0.0425,0.0,0.0,0.0,0.0,0.0,0.0,0.0,0.0,432.0,0.0428,629.0,0.0624,0.0,0.0,0.0,0.0,0.0,0.0,0.0,0.0,640.0,0.0634,9898.0,0.9812,100.0,0.0099,17.0,0.0017,14.0,0.0014,0.0,0.0,10088.0,1.0,10088.0
Eltham,449.0,0.0429,3.0,0.0003,3.0,0.0003,0.0,0.0,0.0,0.0,474.0,0.0453,125.0,0.012,0.0,0.0,6.0,0.0006,0.0,0.0,0.0,0.0,136.0,0.013,90.0,0.0086,4.0,0.0004,0.0,0.0,0.0,0.0,0.0,0.0,102.0,0.0098,147.0,0.0141,12.0,0.0011,0.0,0.0,0.0,0.0,0.0,0.0,181.0,0.0173,217.0,0.0208,6.0,0.0006,0.0,0.0,0.0,0.0,0.0,0.0,258.0,0.0247,835.0,0.0799,64.0,0.0061,18.0,0.0017,0.0,0.0,0.0,0.0,925.0,0.0885,992.0,0.0949,84.0,0.008,27.0,0.0026,0.0,0.0,0.0,0.0,1125.0,0.1076,1824.0,0.1745,137.0,0.0131,45.0,0.0043,0.0,0.0,0.0,0.0,2043.0,0.1954,1487.0,0.1422,51.0,0.0049,34.0,0.0033,0.0,0.0,0.0,0.0,1612.0,0.1542,1668.0,0.1595,34.0,0.0033,3.0,0.0003,0.0,0.0,0.0,0.0,1720.0,0.1645,940.0,0.0899,4.0,0.0004,0.0,0.0,0.0,0.0,0.0,0.0,961.0,0.0919,595.0,0.0569,25.0,0.0024,0.0,0.0,0.0,0.0,0.0,0.0,637.0,0.0609,9667.0,0.9246,557.0,0.0533,178.0,0.017,0.0,0.0,3.0,0.0003,10455.0,1.0,10455.0
Essendon,248.0,0.0289,12.0,0.0014,33.0,0.0038,0.0,0.0,0.0,0.0,387.0,0.045,38.0,0.0044,0.0,0.0,0.0,0.0,0.0,0.0,0.0,0.0,59.0,0.0069,20.0,0.0023,0.0,0.0,17.0,0.002,0.0,0.0,0.0,0.0,49.0,0.0057,33.0,0.0038,21.0,0.0024,5.0,0.0006,0.0,0.0,0.0,0.0,113.0,0.0132,77.0,0.009,20.0,0.0023,61.0,0.0071,0.0,0.0,0.0,0.0,221.0,0.0257,258.0,0.03,126.0,0.0147,353.0,0.0411,0.0,0.0,0.0,0.0,810.0,0.0943,264.0,0.0307,136.0,0.0158,464.0,0.054,4.0,0.0005,0.0,0.0,994.0,0.1157,526.0,0.0612,225.0,0.0262,531.0,0.0618,6.0,0.0007,0.0,0.0,1367.0,0.1591,508.0,0.0591,178.0,0.0207,120.0,0.014,0.0,0.0,0.0,0.0,886.0,0.1031,881.0,0.1025,298.0,0.0347,75.0,0.0087,0.0,0.0,0.0,0.0,1317.0,0.1533,1217.0,0.1416,186.0,0.0216,28.0,0.0033,0.0,0.0,0.0,0.0,1488.0,0.1732,314.0,0.0365,81.0,0.0094,60.0,0.007,0.0,0.0,0.0,0.0,608.0,0.0708,4758.0,0.5538,1712.0,0.1993,2022.0,0.2353,8.0,0.0009,0.0,0.0,8592.0,1.0,8592.0
Eureka,440.0,0.0382,0.0,0.0,0.0,0.0,0.0,0.0,0.0,0.0,454.0,0.0394,210.0,0.0182,0.0,0.0,0.0,0.0,0.0,0.0,0.0,0.0,236.0,0.0205,161.0,0.014,0.0,0.0,0.0,0.0,0.0,0.0,0.0,0.0,172.0,0.0149,363.0,0.0315,12.0,0.001,0.0,0.0,0.0,0.0,0.0,0.0,384.0,0.0334,576.0,0.05,29.0,0.0025,3.0,0.0003,0.0,0.0,0.0,0.0,622.0,0.054,1961.0,0.1704,70.0,0.0061,3.0,0.0003,0.0,0.0,0.0,0.0,2078.0,0.1805,2391.0,0.2077,34.0,0.003,0.0,0.0,0.0,0.0,0.0,0.0,2459.0,0.2136,2519.0,0.2189,9.0,0.0008,0.0,0.0,0.0,0.0,0.0,0.0,2570.0,0.2233,837.0,0.0727,3.0,0.0003,0.0,0.0,0.0,0.0,0.0,0.0,849.0,0.0738,575.0,0.05,0.0,0.0,0.0,0.0,0.0,0.0,0.0,0.0,586.0,0.0509,252.0,0.0219,0.0,0.0,0.0,0.0,0.0,0.0,0.0,0.0,252.0,0.0219,623.0,0.0541,0.0,0.0,0.0,0.0,0.0,0.0,0.0,0.0,651.0,0.0566,11133.0,0.9672,337.0,0.0293,13.0,0.0011,4.0,0.0003,7.0,0.0006,11510.0,1.0,11510.0
Euroa,382.0,0.0437,0.0,0.0,0.0,0.0,0.0,0.0,0.0,0.0,397.0,0.0455,258.0,0.0295,3.0,0.0003,0.0,0.0,0.0,0.0,0.0,0.0,268.0,0.0307,202.0,0.0231,0.0,0.0,0.0,0.0,0.0,0.0,0.0,0.0,222.0,0.0254,482.0,0.0552,5.0,0.0006,0.0,0.0,0.0,0.0,0.0,0.0,503.0,0.0576,707.0,0.0809,4.0,0.0005,0.0,0.0,0.0,0.0,0.0,0.0,723.0,0.0828,1698.0,0.1944,10.0,0.0011,0.0,0.0,0.0,0.0,0.0,0.0,1730.0,0.1981,1625.0,0.1861,6.0,0.0007,4.0,0.0005,0.0,0.0,0.0,0.0,1637.0,0.1874,1293.0,0.148,4.0,0.0005,0.0,0.0,0.0,0.0,0.0,0.0,1299.0,0.1487,445.0,0.051,0.0,0.0,0.0,0.0,0.0,0.0,0.0,0.0,448.0,0.0513,336.0,0.0385,0.0,0.0,0.0,0.0,0.0,0.0,0.0,0.0,334.0,0.0382,193.0,0.0221,0.0,0.0,0.0,0.0,0.0,0.0,0.0,0.0,197.0,0.0226,481.0,0.0551,0.0,0.0,0.0,0.0,0.0,0.0,0.0,0.0,484.0,0.0554,8556.0,0.9796,122.0,0.014,13.0,0.0015,7.0,0.0008,0.0,0.0,8734.0,1.0,8734.0
Evelyn,500.0,0.0418,6.0,0.0005,0.0,0.0,0.0,0.0,0.0,0.0,492.0,0.0411,121.0,0.0101,6.0,0.0005,3.0,0.0003,0.0,0.0,0.0,0.0,132.0,0.011,104.0,0.0087,7.0,0.0006,0.0,0.0,0.0,0.0,0.0,0.0,114.0,0.0095,211.0,0.0176,0.0,0.0,0.0,0.0,0.0,0.0,0.0,0.0,219.0,0.0183,370.0,0.0309,17.0,0.0014,0.0,0.0,0.0,0.0,0.0,0.0,383.0,0.032,1125.0,0.0941,48.0,0.004,5.0,0.0004,0.0,0.0,0.0,0.0,1199.0,0.1003,1718.0,0.1436,88.0,0.0074,3.0,0.0003,0.0,0.0,0.0,0.0,1816.0,0.1518,2830.0,0.2366,82.0,0.0069,4.0,0.0003,0.0,0.0,0.0,0.0,2912.0,0.2435,1952.0,0.1632,13.0,0.0011,0.0,0.0,0.0,0.0,0.0,0.0,1978.0,0.1654,1191.0,0.0996,0.0,0.0,0.0,0.0,0.0,0.0,0.0,0.0,1199.0,0.1003,555.0,0.0464,0.0,0.0,0.0,0.0,0.0,0.0,0.0,0.0,562.0,0.047,736.0,0.0615,10.0,0.0008,3.0,0.0003,0.0,0.0,0.0,0.0,788.0,0.0659,11527.0,0.9638,357.0,0.0298,21.0,0.0018,7.0,0.0006,3.0,0.0003,11960.0,1.0,11960.0
Footscray,268.0,0.0274,65.0,0.0067,16.0,0.0016,0.0,0.0,0.0,0.0,412.0,0.0422,31.0,0.0032,7.0,0.0007,3.0,0.0003,0.0,0.0,0.0,0.0,60.0,0.0061,14.0,0.0014,0.0,0.0,3.0,0.0003,0.0,0.0,0.0,0.0,16.0,0.0016,58.0,0.0059,19.0,0.0019,21.0,0.0022,0.0,0.0,0.0,0.0,161.0,0.0165,86.0,0.0088,12.0,0.0012,99.0,0.0101,0.0,0.0,0.0,0.0,264.0,0.027,373.0,0.0382,163.0,0.0167,468.0,0.0479,0.0,0.0,0.0,0.0,1068.0,0.1094,431.0,0.0441,228.0,0.0233,518.0,0.053,3.0,0.0003,0.0,0.0,1265.0,0.1295,950.0,0.0973,515.0,0.0527,452.0,0.0463,3.0,0.0003,0.0,0.0,2005.0,0.2053,770.0,0.0788,323.0,0.0331,144.0,0.0147,0.0,0.0,0.0,0.0,1278.0,0.1309,1039.0,0.1064,257.0,0.0263,53.0,0.0054,0.0,0.0,0.0,0.0,1513.0,0.1549,779.0,0.0798,130.0,0.0133,36.0,0.0037,0.0,0.0,0.0,0.0,995.0,0.1019,313.0,0.032,66.0,0.0068,59.0,0.006,0.0,0.0,0.0,0.0,464.0,0.0475,5448.0,0.5579,2165.0,0.2217,2069.0,0.2119,12.0,0.0012,7.0,0.0007,9766.0,1.0,9766.0
Frankston,305.0,0.0329,38.0,0.0041,4.0,0.0004,0.0,0.0,0.0,0.0,372.0,0.0401,141.0,0.0152,8.0,0.0009,4.0,0.0004,0.0,0.0,0.0,0.0,156.0,0.0168,70.0,0.0075,7.0,0.0008,0.0,0.0,0.0,0.0,0.0,0.0,97.0,0.0105,236.0,0.0255,13.0,0.0014,0.0,0.0,0.0,0.0,0.0,0.0,290.0,0.0313,283.0,0.0305,37.0,0.004,8.0,0.0009,0.0,0.0,0.0,0.0,366.0,0.0395,998.0,0.1076,211.0,0.0228,50.0,0.0054,0.0,0.0,0.0,0.0,1263.0,0.1362,1219.0,0.1315,246.0,0.0265,42.0,0.0045,0.0,0.0,0.0,0.0,1494.0,0.1611,1905.0,0.2055,149.0,0.0161,11.0,0.0012,0.0,0.0,0.0,0.0,2149.0,0.2318,952.0,0.1027,67.0,0.0072,3.0,0.0003,0.0,0.0,0.0,0.0,1043.0,0.1125,737.0,0.0795,19.0,0.002,0.0,0.0,0.0,0.0,0.0,0.0,800.0,0.0863,320.0,0.0345,6.0,0.0006,5.0,0.0005,0.0,0.0,0.0,0.0,341.0,0.0368,523.0,0.0564,28.0,0.003,3.0,0.0003,0.0,0.0,0.0,0.0,621.0,0.067,8015.0,0.8644,1093.0,0.1179,164.0,0.0177,0.0,0.0,0.0,0.0,9272.0,1.0,9272.0
Geelong,376.0,0.0401,12.0,0.0013,5.0,0.0005,0.0,0.0,0.0,0.0,419.0,0.0447,128.0,0.0137,3.0,0.0003,5.0,0.0005,0.0,0.0,0.0,0.0,155.0,0.0165,108.0,0.0115,4.0,0.0004,0.0,0.0,0.0,0.0,0.0,0.0,123.0,0.0131,246.0,0.0263,19.0,0.002,6.0,0.0006,0.0,0.0,0.0,0.0,297.0,0.0317,301.0,0.0321,27.0,0.0029,7.0,0.0007,0.0,0.0,0.0,0.0,384.0,0.041,1209.0,0.129,95.0,0.0101,49.0,0.0052,0.0,0.0,3.0,0.0003,1429.0,0.1525,1520.0,0.1622,91.0,0.0097,6.0,0.0006,0.0,0.0,0.0,0.0,1621.0,0.173,1886.0,0.2013,43.0,0.0046,29.0,0.0031,0.0,0.0,0.0,0.0,2030.0,0.2166,832.0,0.0888,14.0,0.0015,0.0,0.0,0.0,0.0,0.0,0.0,879.0,0.0938,636.0,0.0679,8.0,0.0009,7.0,0.0007,0.0,0.0,0.0,0.0,646.0,0.0689,417.0,0.0445,8.0,0.0009,0.0,0.0,0.0,0.0,0.0,0.0,436.0,0.0465,495.0,0.0528,16.0,0.0017,5.0,0.0005,0.0,0.0,0.0,0.0,538.0,0.0574,8521.0,0.9094,621.0,0.0663,229.0,0.0244,8.0,0.0009,11.0,0.0012,9370.0,1.0,9370.0
Gippsland East,329.0,0.0441,8.0,0.0011,0.0,0.0,0.0,0.0,0.0,0.0,358.0,0.0479,241.0,0.0323,0.0,0.0,0.0,0.0,0.0,0.0,0.0,0.0,258.0,0.0346,202.0,0.0271,0.0,0.0,0.0,0.0,0.0,0.0,0.0,0.0,215.0,0.0288,460.0,0.0616,5.0,0.0007,0.0,0.0,0.0,0.0,0.0,0.0,476.0,0.0637,688.0,0.0921,6.0,0.0008,0.0,0.0,0.0,0.0,0.0,0.0,703.0,0.0941,1811.0,0.2425,3.0,0.0004,0.0,0.0,0.0,0.0,0.0,0.0,1843.0,0.2468,1344.0,0.18,0.0,0.0,0.0,0.0,0.0,0.0,0.0,0.0,1368.0,0.1832,942.0,0.1262,3.0,0.0004,0.0,0.0,0.0,0.0,0.0,0.0,950.0,0.1272,216.0,0.0289,0.0,0.0,0.0,0.0,0.0,0.0,0.0,0.0,216.0,0.0289,192.0,0.0257,0.0,0.0,0.0,0.0,0.0,0.0,0.0,0.0,193.0,0.0258,110.0,0.0147,0.0,0.0,0.0,0.0,0.0,0.0,0.0,0.0,110.0,0.0147,383.0,0.0513,0.0,0.0,0.0,0.0,0.0,0.0,0.0,0.0,395.0,0.0529,7320.0,0.9803,84.0,0.0112,6.0,0.0008,0.0,0.0,4.0,0.0005,7467.0,1.0,7467.0
Gippsland South,401.0,0.0479,7.0,0.0008,0.0,0.0,0.0,0.0,0.0,0.0,437.0,0.0522,266.0,0.0318,0.0,0.0,0.0,0.0,0.0,0.0,0.0,0.0,268.0,0.032,225.0,0.0269,0.0,0.0,0.0,0.0,0.0,0.0,0.0,0.0,232.0,0.0277,488.0,0.0583,4.0,0.0005,0.0,0.0,0.0,0.0,0.0,0.0,505.0,0.0603,733.0,0.0875,12.0,0.0014,3.0,0.0004,0.0,0.0,0.0,0.0,745.0,0.089,1839.0,0.2196,4.0,0.0005,4.0,0.0005,0.0,0.0,0.0,0.0,1893.0,0.226,1536.0,0.1834,0.0,0.0,0.0,0.0,0.0,0.0,0.0,0.0,1558.0,0.186,1136.0,0.1356,0.0,0.0,0.0,0.0,0.0,0.0,0.0,0.0,1147.0,0.137,401.0,0.0479,0.0,0.0,0.0,0.0,0.0,0.0,0.0,0.0,405.0,0.0484,284.0,0.0339,0.0,0.0,0.0,0.0,0.0,0.0,0.0,0.0,291.0,0.0347,189.0,0.0226,0.0,0.0,0.0,0.0,0.0,0.0,0.0,0.0,200.0,0.0239,480.0,0.0573,6.0,0.0007,0.0,0.0,0.0,0.0,0.0,0.0,505.0,0.0603,8191.0,0.978,89.0,0.0106,11.0,0.0013,13.0,0.0016,0.0,0.0,8375.0,1.0,8375.0
Glen Waverley,545.0,0.0619,32.0,0.0036,10.0,0.0011,0.0,0.0,0.0,0.0,633.0,0.0719,61.0,0.0069,3.0,0.0003,0.0,0.0,0.0,0.0,0.0,0.0,82.0,0.0093,53.0,0.006,0.0,0.0,0.0,0.0,0.0,0.0,0.0,0.0,67.0,0.0076,94.0,0.0107,4.0,0.0005,0.0,0.0,0.0,0.0,0.0,0.0,105.0,0.0119,106.0,0.012,16.0,0.0018,3.0,0.0003,0.0,0.0,0.0,0.0,146.0,0.0166,445.0,0.0505,26.0,0.003,24.0,0.0027,0.0,0.0,0.0,0.0,534.0,0.0606,522.0,0.0593,52.0,0.0059,46.0,0.0052,0.0,0.0,0.0,0.0,649.0,0.0737,1043.0,0.1184,133.0,0.0151,88.0,0.01,0.0,0.0,0.0,0.0,1339.0,0.1521,807.0,0.0916,91.0,0.0103,50.0,0.0057,0.0,0.0,0.0,0.0,1027.0,0.1166,1352.0,0.1535,116.0,0.0132,18.0,0.002,0.0,0.0,0.0,0.0,1548.0,0.1758,1509.0,0.1714,53.0,0.006,14.0,0.0016,0.0,0.0,0.0,0.0,1611.0,0.1829,478.0,0.0543,34.0,0.0039,8.0,0.0009,0.0,0.0,0.0,0.0,577.0,0.0655,7502.0,0.8519,887.0,0.1007,325.0,0.0369,0.0,0.0,0.0,0.0,8806.0,1.0,8806.0
Greenvale,424.0,0.039,15.0,0.0014,0.0,0.0,0.0,0.0,0.0,0.0,479.0,0.0441,135.0,0.0124,0.0,0.0,0.0,0.0,0.0,0.0,0.0,0.0,145.0,0.0133,91.0,0.0084,0.0,0.0,0.0,0.0,0.0,0.0,0.0,0.0,114.0,0.0105,250.0,0.023,13.0,0.0012,0.0,0.0,0.0,0.0,0.0,0.0,273.0,0.0251,334.0,0.0307,31.0,0.0029,0.0,0.0,0.0,0.0,0.0,0.0,377.0,0.0347,1264.0,0.1163,101.0,0.0093,3.0,0.0003,0.0,0.0,0.0,0.0,1402.0,0.129,1750.0,0.161,180.0,0.0166,12.0,0.0011,0.0,0.0,0.0,0.0,1963.0,0.1806,2525.0,0.2323,118.0,0.0109,0.0,0.0,0.0,0.0,0.0,0.0,2641.0,0.2429,1010.0,0.0929,7.0,0.0006,0.0,0.0,0.0,0.0,4.0,0.0004,1045.0,0.0961,686.0,0.0631,4.0,0.0004,0.0,0.0,0.0,0.0,0.0,0.0,707.0,0.065,430.0,0.0396,0.0,0.0,0.0,0.0,0.0,0.0,0.0,0.0,445.0,0.0409,811.0,0.0746,37.0,0.0034,3.0,0.0003,0.0,0.0,0.0,0.0,895.0,0.0823,10053.0,0.9248,782.0,0.0719,25.0,0.0023,0.0,0.0,4.0,0.0004,10871.0,1.0,10871.0
Hastings,429.0,0.0397,13.0,0.0012,0.0,0.0,0.0,0.0,0.0,0.0,482.0,0.0446,147.0,0.0136,15.0,0.0014,0.0,0.0,0.0,0.0,0.0,0.0,195.0,0.018,88.0,0.0081,4.0,0.0004,0.0,0.0,0.0,0.0,0.0,0.0,125.0,0.0116,264.0,0.0244,20.0,0.0018,0.0,0.0,0.0,0.0,0.0,0.0,329.0,0.0304,416.0,0.0385,26.0,0.0024,0.0,0.0,0.0,0.0,0.0,0.0,480.0,0.0444,1154.0,0.1067,191.0,0.0177,9.0,0.0008,0.0,0.0,0.0,0.0,1393.0,0.1288,1652.0,0.1528,219.0,0.0202,0.0,0.0,0.0,0.0,0.0,0.0,1937.0,0.1791,2432.0,0.2249,186.0,0.0172,0.0,0.0,0.0,0.0,0.0,0.0,2608.0,0.2411,1133.0,0.1048,26.0,0.0024,0.0,0.0,0.0,0.0,0.0,0.0,1172.0,0.1084,822.0,0.076,0.0,0.0,0.0,0.0,0.0,0.0,0.0,0.0,841.0,0.0778,435.0,0.0402,0.0,0.0,0.0,0.0,0.0,0.0,0.0,0.0,463.0,0.0428,582.0,0.0538,36.0,0.0033,0.0,0.0,0.0,0.0,0.0,0.0,649.0,0.06,9771.0,0.9035,987.0,0.0913,17.0,0.0016,0.0,0.0,0.0,0.0,10815.0,1.0,10815.0
Hawthorn,314.0,0.0395,36.0,0.0045,55.0,0.0069,0.0,0.0,0.0,0.0,501.0,0.0631,6.0,0.0008,4.0,0.0005,3.0,0.0004,0.0,0.0,0.0,0.0,35.0,0.0044,9.0,0.0011,0.0,0.0,0.0,0.0,0.0,0.0,0.0,0.0,29.0,0.0037,3.0,0.0004,0.0,0.0,17.0,0.0021,0.0,0.0,0.0,0.0,46.0,0.0058,41.0,0.0052,14.0,0.0018,41.0,0.0052,0.0,0.0,0.0,0.0,111.0,0.014,148.0,0.0186,49.0,0.0062,250.0,0.0315,0.0,0.0,0.0,0.0,499.0,0.0628,118.0,0.0149,35.0,0.0044,439.0,0.0553,0.0,0.0,0.0,0.0,664.0,0.0836,335.0,0.0422,131.0,0.0165,553.0,0.0696,0.0,0.0,0.0,0.0,1085.0,0.1366,225.0,0.0283,123.0,0.0155,222.0,0.028,0.0,0.0,0.0,0.0,638.0,0.0803,423.0,0.0533,205.0,0.0258,163.0,0.0205,0.0,0.0,0.0,0.0,923.0,0.1162,1814.0,0.2284,442.0,0.0557,94.0,0.0118,0.0,0.0,0.0,0.0,2487.0,0.3132,328.0,0.0413,60.0,0.0076,48.0,0.006,0.0,0.0,0.0,0.0,557.0,0.0701,4195.0,0.5283,1449.0,0.1825,2325.0,0.2928,7.0,0.0009,0.0,0.0,7941.0,1.0,7941.0
Ivanhoe,362.0,0.045,29.0,0.0036,7.0,0.0009,0.0,0.0,0.0,0.0,434.0,0.054,71.0,0.0088,0.0,0.0,0.0,0.0,0.0,0.0,0.0,0.0,85.0,0.0106,11.0,0.0014,0.0,0.0,0.0,0.0,0.0,0.0,0.0,0.0,36.0,0.0045,75.0,0.0093,8.0,0.001,0.0,0.0,0.0,0.0,0.0,0.0,99.0,0.0123,107.0,0.0133,14.0,0.0017,14.0,0.0017,0.0,0.0,0.0,0.0,165.0,0.0205,439.0,0.0546,107.0,0.0133,77.0,0.0096,0.0,0.0,0.0,0.0,661.0,0.0822,445.0,0.0554,141.0,0.0175,140.0,0.0174,0.0,0.0,0.0,0.0,807.0,0.1004,920.0,0.1145,361.0,0.0449,143.0,0.0178,0.0,0.0,0.0,0.0,1508.0,0.1876,702.0,0.0873,201.0,0.025,48.0,0.006,0.0,0.0,0.0,0.0,1020.0,0.1269,1012.0,0.1259,143.0,0.0178,37.0,0.0046,0.0,0.0,0.0,0.0,1213.0,0.1509,1047.0,0.1303,54.0,0.0067,3.0,0.0004,0.0,0.0,0.0,0.0,1194.0,0.1486,327.0,0.0407,46.0,0.0057,31.0,0.0039,0.0,0.0,0.0,0.0,466.0,0.058,5998.0,0.7463,1428.0,0.1777,599.0,0.0745,0.0,0.0,0.0,0.0,8037.0,1.0,8037.0
Kalkallo,324.0,0.0197,3.0,0.0002,0.0,0.0,0.0,0.0,0.0,0.0,347.0,0.0211,67.0,0.0041,0.0,0.0,0.0,0.0,0.0,0.0,0.0,0.0,75.0,0.0046,50.0,0.003,0.0,0.0,0.0,0.0,0.0,0.0,0.0,0.0,49.0,0.003,152.0,0.0092,6.0,0.0004,0.0,0.0,0.0,0.0,0.0,0.0,153.0,0.0093,267.0,0.0162,16.0,0.001,0.0,0.0,0.0,0.0,0.0,0.0,314.0,0.0191,1474.0,0.0896,125.0,0.0076,9.0,0.0005,0.0,0.0,0.0,0.0,1654.0,0.1006,3117.0,0.1895,210.0,0.0128,4.0,0.0002,0.0,0.0,0.0,0.0,3374.0,0.2051,5540.0,0.3368,84.0,0.0051,5.0,0.0003,0.0,0.0,0.0,0.0,5714.0,0.3474,1665.0,0.1012,14.0,0.0009,0.0,0.0,0.0,0.0,0.0,0.0,1676.0,0.1019,940.0,0.0571,3.0,0.0002,0.0,0.0,0.0,0.0,0.0,0.0,953.0,0.0579,551.0,0.0335,9.0,0.0005,0.0,0.0,0.0,0.0,0.0,0.0,558.0,0.0339,1045.0,0.0635,20.0,0.0012,0.0,0.0,0.0,0.0,0.0,0.0,1090.0,0.0663,15774.0,0.959,665.0,0.0404,34.0,0.0021,0.0,0.0,0.0,0.0,16448.0,1.0,16448.0
Kew,446.0,0.0564,66.0,0.0083,15.0,0.0019,0.0,0.0,0.0,0.0,623.0,0.0788,34.0,0.0043,0.0,0.0,3.0,0.0004,0.0,0.0,0.0,0.0,47.0,0.0059,17.0,0.0021,0.0,0.0,3.0,0.0004,0.0,0.0,0.0,0.0,23.0,0.0029,19.0,0.0024,3.0,0.0004,4.0,0.0005,0.0,0.0,0.0,0.0,49.0,0.0062,35.0,0.0044,9.0,0.0011,4.0,0.0005,0.0,0.0,0.0,0.0,65.0,0.0082,243.0,0.0307,58.0,0.0073,47.0,0.0059,0.0,0.0,0.0,0.0,406.0,0.0513,163.0,0.0206,45.0,0.0057,88.0,0.0111,0.0,0.0,0.0,0.0,376.0,0.0475,456.0,0.0576,154.0,0.0195,188.0,0.0238,0.0,0.0,0.0,0.0,893.0,0.1129,250.0,0.0316,114.0,0.0144,88.0,0.0111,0.0,0.0,0.0,0.0,571.0,0.0722,696.0,0.088,208.0,0.0263,52.0,0.0066,0.0,0.0,0.0,0.0,1029.0,0.1301,2428.0,0.307,298.0,0.0377,30.0,0.0038,0.0,0.0,0.0,0.0,2857.0,0.3612,458.0,0.0579,41.0,0.0052,13.0,0.0016,0.0,0.0,0.0,0.0,621.0,0.0785,5720.0,0.7231,1334.0,0.1686,766.0,0.0968,0.0,0.0,0.0,0.0,7910.0,1.0,7910.0
Kororoit,514.0,0.0413,7.0,0.0006,0.0,0.0,0.0,0.0,0.0,0.0,530.0,0.0426,104.0,0.0084,0.0,0.0,0.0,0.0,0.0,0.0,0.0,0.0,110.0,0.0088,104.0,0.0084,3.0,0.0002,0.0,0.0,0.0,0.0,0.0,0.0,112.0,0.009,203.0,0.0163,0.0,0.0,0.0,0.0,0.0,0.0,0.0,0.0,221.0,0.0178,344.0,0.0276,5.0,0.0004,5.0,0.0004,0.0,0.0,0.0,0.0,369.0,0.0297,1358.0,0.1091,67.0,0.0054,19.0,0.0015,0.0,0.0,0.0,0.0,1473.0,0.1184,1966.0,0.158,121.0,0.0097,30.0,0.0024,0.0,0.0,0.0,0.0,2184.0,0.1755,3305.0,0.2656,106.0,0.0085,0.0,0.0,0.0,0.0,0.0,0.0,3483.0,0.2799,1354.0,0.1088,26.0,0.0021,4.0,0.0003,0.0,0.0,0.0,0.0,1389.0,0.1116,826.0,0.0664,11.0,0.0009,0.0,0.0,0.0,0.0,0.0,0.0,868.0,0.0698,447.0,0.0359,7.0,0.0006,6.0,0.0005,0.0,0.0,0.0,0.0,473.0,0.038,873.0,0.0702,11.0,0.0009,0.0,0.0,0.0,0.0,0.0,0.0,907.0,0.0729,11744.0,0.9437,589.0,0.0473,86.0,0.0069,0.0,0.0,3.0,0.0002,12444.0,1.0,12444.0
Lara,342.0,0.0402,9.0,0.0011,0.0,0.0,0.0,0.0,0.0,0.0,372.0,0.0438,140.0,0.0165,0.0,0.0,0.0,0.0,0.0,0.0,0.0,0.0,158.0,0.0186,106.0,0.0125,0.0,0.0,0.0,0.0,0.0,0.0,0.0,0.0,109.0,0.0128,254.0,0.0299,7.0,0.0008,0.0,0.0,0.0,0.0,0.0,0.0,284.0,0.0334,448.0,0.0527,17.0,0.002,0.0,0.0,0.0,0.0,0.0,0.0,513.0,0.0603,1485.0,0.1747,57.0,0.0067,17.0,0.002,0.0,0.0,0.0,0.0,1586.0,0.1865,1647.0,0.1937,77.0,0.0091,4.0,0.0005,0.0,0.0,0.0,0.0,1790.0,0.2105,1710.0,0.2011,41.0,0.0048,0.0,0.0,0.0,0.0,0.0,0.0,1799.0,0.2116,539.0,0.0634,3.0,0.0004,0.0,0.0,0.0,0.0,0.0,0.0,544.0,0.064,333.0,0.0392,0.0,0.0,0.0,0.0,0.0,0.0,0.0,0.0,351.0,0.0413,161.0,0.0189,4.0,0.0005,0.0,0.0,0.0,0.0,0.0,0.0,167.0,0.0196,492.0,0.0579,10.0,0.0012,0.0,0.0,0.0,0.0,0.0,0.0,499.0,0.0587,7940.0,0.9339,388.0,0.0456,75.0,0.0088,0.0,0.0,0.0,0.0,8502.0,1.0,8502.0
Laverton,342.0,0.0289,37.0,0.0031,4.0,0.0003,0.0,0.0,0.0,0.0,414.0,0.035,66.0,0.0056,0.0,0.0,4.0,0.0003,0.0,0.0,0.0,0.0,82.0,0.0069,45.0,0.0038,3.0,0.0003,3.0,0.0003,0.0,0.0,0.0,0.0,71.0,0.006,95.0,0.008,18.0,0.0015,6.0,0.0005,0.0,0.0,0.0,0.0,131.0,0.0111,198.0,0.0167,26.0,0.0022,14.0,0.0012,0.0,0.0,0.0,0.0,307.0,0.0259,944.0,0.0798,221.0,0.0187,51.0,0.0043,0.0,0.0,0.0,0.0,1262.0,0.1066,1610.0,0.136,403.0,0.0341,33.0,0.0028,0.0,0.0,0.0,0.0,2085.0,0.1762,2998.0,0.2533,471.0,0.0398,16.0,0.0014,0.0,0.0,0.0,0.0,3546.0,0.2996,1232.0,0.1041,113.0,0.0095,6.0,0.0005,0.0,0.0,0.0,0.0,1417.0,0.1197,769.0,0.065,50.0,0.0042,3.0,0.0003,0.0,0.0,0.0,0.0,870.0,0.0735,407.0,0.0344,24.0,0.002,0.0,0.0,0.0,0.0,0.0,0.0,478.0,0.0404,679.0,0.0574,67.0,0.0057,8.0,0.0007,0.0,0.0,0.0,0.0,837.0,0.0707,9803.0,0.8284,1750.0,0.1479,199.0,0.0168,0.0,0.0,0.0,0.0,11834.0,1.0,11834.0
Lowan,548.0,0.0698,3.0,0.0004,0.0,0.0,0.0,0.0,0.0,0.0,550.0,0.0701,374.0,0.0477,0.0,0.0,0.0,0.0,0.0,0.0,0.0,0.0,380.0,0.0484,467.0,0.0595,0.0,0.0,0.0,0.0,0.0,0.0,0.0,0.0,474.0,0.0604,850.0,0.1083,0.0,0.0,0.0,0.0,0.0,0.0,0.0,0.0,856.0,0.1091,963.0,0.1227,0.0,0.0,10.0,0.0013,0.0,0.0,0.0,0.0,981.0,0.125,1787.0,0.2277,0.0,0.0,0.0,0.0,0.0,0.0,0.0,0.0,1816.0,0.2314,873.0,0.1113,0.0,0.0,0.0,0.0,0.0,0.0,0.0,0.0,888.0,0.1132,600.0,0.0765,0.0,0.0,3.0,0.0004,0.0,0.0,0.0,0.0,611.0,0.0779,139.0,0.0177,0.0,0.0,0.0,0.0,0.0,0.0,0.0,0.0,139.0,0.0177,118.0,0.015,0.0,0.0,0.0,0.0,0.0,0.0,0.0,0.0,118.0,0.015,77.0,0.0098,0.0,0.0,0.0,0.0,0.0,0.0,0.0,0.0,77.0,0.0098,383.0,0.0488,0.0,0.0,0.0,0.0,0.0,0.0,0.0,0.0,388.0,0.0494,7698.0,0.981,25.0,0.0032,19.0,0.0024,3.0,0.0004,0.0,0.0,7847.0,1.0,7847.0
Macedon,390.0,0.0387,0.0,0.0,0.0,0.0,0.0,0.0,0.0,0.0,404.0,0.0401,153.0,0.0152,0.0,0.0,0.0,0.0,0.0,0.0,0.0,0.0,153.0,0.0152,140.0,0.0139,6.0,0.0006,0.0,0.0,0.0,0.0,0.0,0.0,147.0,0.0146,268.0,0.0266,0.0,0.0,0.0,0.0,3.0,0.0003,0.0,0.0,277.0,0.0275,347.0,0.0344,3.0,0.0003,0.0,0.0,3.0,0.0003,0.0,0.0,359.0,0.0356,1201.0,0.1191,17.0,0.0017,0.0,0.0,5.0,0.0005,0.0,0.0,1233.0,0.1223,1478.0,0.1466,33.0,0.0033,4.0,0.0004,5.0,0.0005,0.0,0.0,1550.0,0.1537,2185.0,0.2167,11.0,0.0011,5.0,0.0005,12.0,0.0012,0.0,0.0,2237.0,0.2219,1151.0,0.1142,4.0,0.0004,0.0,0.0,4.0,0.0004,0.0,0.0,1184.0,0.1174,991.0,0.0983,0.0,0.0,0.0,0.0,0.0,0.0,0.0,0.0,1006.0,0.0998,723.0,0.0717,0.0,0.0,0.0,0.0,0.0,0.0,0.0,0.0,730.0,0.0724,550.0,0.0546,3.0,0.0003,0.0,0.0,0.0,0.0,0.0,0.0,557.0,0.0552,9820.0,0.974,151.0,0.015,7.0,0.0007,29.0,0.0029,0.0,0.0,10082.0,1.0,10082.0
Malvern,254.0,0.035,54.0,0.0075,51.0,0.007,0.0,0.0,0.0,0.0,448.0,0.0618,15.0,0.0021,0.0,0.0,15.0,0.0021,0.0,0.0,0.0,0.0,54.0,0.0075,9.0,0.0012,0.0,0.0,10.0,0.0014,0.0,0.0,0.0,0.0,21.0,0.0029,7.0,0.001,5.0,0.0007,18.0,0.0025,0.0,0.0,0.0,0.0,49.0,0.0068,23.0,0.0032,4.0,0.0006,30.0,0.0041,0.0,0.0,0.0,0.0,91.0,0.0126,104.0,0.0144,24.0,0.0033,195.0,0.0269,3.0,0.0004,0.0,0.0,393.0,0.0542,80.0,0.011,27.0,0.0037,306.0,0.0422,3.0,0.0004,0.0,0.0,524.0,0.0723,238.0,0.0328,159.0,0.0219,415.0,0.0573,0.0,0.0,0.0,0.0,881.0,0.1216,168.0,0.0232,83.0,0.0115,218.0,0.0301,0.0,0.0,0.0,0.0,559.0,0.0771,429.0,0.0592,207.0,0.0286,209.0,0.0288,0.0,0.0,0.0,0.0,935.0,0.129,1707.0,0.2355,386.0,0.0533,189.0,0.0261,0.0,0.0,0.0,0.0,2326.0,0.321,309.0,0.0426,58.0,0.008,76.0,0.0105,0.0,0.0,0.0,0.0,471.0,0.065,3681.0,0.5079,1439.0,0.1986,2097.0,0.2894,29.0,0.004,0.0,0.0,7247.0,1.0,7247.0
Melbourne,3.0,0.0004,86.0,0.0102,266.0,0.0316,0.0,0.0,0.0,0.0,382.0,0.0454,6.0,0.0007,10.0,0.0012,31.0,0.0037,0.0,0.0,0.0,0.0,64.0,0.0076,0.0,0.0,4.0,0.0005,23.0,0.0027,0.0,0.0,0.0,0.0,27.0,0.0032,5.0,0.0006,12.0,0.0014,57.0,0.0068,0.0,0.0,0.0,0.0,91.0,0.0108,0.0,0.0,26.0,0.0031,125.0,0.0149,0.0,0.0,0.0,0.0,164.0,0.0195,7.0,0.0008,98.0,0.0116,835.0,0.0992,0.0,0.0,0.0,0.0,1008.0,0.1198,29.0,0.0034,121.0,0.0144,1151.0,0.1367,0.0,0.0,0.0,0.0,1353.0,0.1607,43.0,0.0051,257.0,0.0305,1458.0,0.1732,0.0,0.0,0.0,0.0,1823.0,0.2166,36.0,0.0043,161.0,0.0191,507.0,0.0602,0.0,0.0,0.0,0.0,799.0,0.0949,62.0,0.0074,299.0,0.0355,430.0,0.0511,0.0,0.0,0.0,0.0,817.0,0.0971,95.0,0.0113,381.0,0.0453,442.0,0.0525,0.0,0.0,0.0,0.0,962.0,0.1143,20.0,0.0024,75.0,0.0089,231.0,0.0274,0.0,0.0,0.0,0.0,375.0,0.0446,392.0,0.0466,1824.0,0.2167,6116.0,0.7266,6.0,0.0007,5.0,0.0006,8417.0,1.0,8417.0
Melton,391.0,0.0308,7.0,0.0006,0.0,0.0,0.0,0.0,0.0,0.0,426.0,0.0336,123.0,0.0097,7.0,0.0006,0.0,0.0,0.0,0.0,0.0,0.0,130.0,0.0103,107.0,0.0084,0.0,0.0,0.0,0.0,0.0,0.0,0.0,0.0,120.0,0.0095,268.0,0.0211,11.0,0.0009,0.0,0.0,0.0,0.0,0.0,0.0,308.0,0.0243,500.0,0.0394,22.0,0.0017,3.0,0.0002,0.0,0.0,0.0,0.0,517.0,0.0408,1975.0,0.1557,131.0,0.0103,13.0,0.001,0.0,0.0,0.0,0.0,2147.0,0.1693,3098.0,0.2443,71.0,0.0056,3.0,0.0002,0.0,0.0,0.0,0.0,3210.0,0.2531,3192.0,0.2517,22.0,0.0017,0.0,0.0,0.0,0.0,6.0,0.0005,3245.0,0.2559,706.0,0.0557,0.0,0.0,0.0,0.0,0.0,0.0,0.0,0.0,709.0,0.0559,490.0,0.0386,0.0,0.0,0.0,0.0,0.0,0.0,0.0,0.0,501.0,0.0395,281.0,0.0222,0.0,0.0,0.0,0.0,0.0,0.0,0.0,0.0,289.0,0.0228,677.0,0.0534,11.0,0.0009,0.0,0.0,0.0,0.0,0.0,0.0,693.0,0.0546,12203.0,0.9623,427.0,0.0337,23.0,0.0018,0.0,0.0,6.0,0.0005,12681.0,1.0,12681.0
Mildura,359.0,0.0463,0.0,0.0,0.0,0.0,0.0,0.0,0.0,0.0,390.0,0.0503,216.0,0.0278,0.0,0.0,3.0,0.0004,0.0,0.0,0.0,0.0,237.0,0.0305,253.0,0.0326,0.0,0.0,0.0,0.0,0.0,0.0,0.0,0.0,262.0,0.0338,575.0,0.0741,3.0,0.0004,7.0,0.0009,0.0,0.0,0.0,0.0,632.0,0.0815,786.0,0.1013,6.0,0.0008,10.0,0.0013,0.0,0.0,0.0,0.0,837.0,0.1079,1920.0,0.2475,17.0,0.0022,11.0,0.0014,0.0,0.0,0.0,0.0,2003.0,0.2582,1177.0,0.1517,10.0,0.0013,0.0,0.0,0.0,0.0,0.0,0.0,1201.0,0.1548,800.0,0.1031,4.0,0.0005,0.0,0.0,0.0,0.0,0.0,0.0,822.0,0.106,193.0,0.0249,0.0,0.0,0.0,0.0,0.0,0.0,0.0,0.0,193.0,0.0249,160.0,0.0206,0.0,0.0,0.0,0.0,0.0,0.0,0.0,0.0,164.0,0.0211,86.0,0.0111,0.0,0.0,0.0,0.0,0.0,0.0,0.0,0.0,86.0,0.0111,455.0,0.0586,6.0,0.0008,0.0,0.0,0.0,0.0,0.0,0.0,493.0,0.0635,7519.0,0.9692,153.0,0.0197,53.0,0.0068,0.0,0.0,0.0,0.0,7758.0,1.0,7758.0
Mill Park,381.0,0.038,12.0,0.0012,0.0,0.0,0.0,0.0,0.0,0.0,409.0,0.0408,107.0,0.0107,5.0,0.0005,0.0,0.0,0.0,0.0,0.0,0.0,137.0,0.0137,67.0,0.0067,0.0,0.0,4.0,0.0004,0.0,0.0,0.0,0.0,79.0,0.0079,210.0,0.0209,3.0,0.0003,0.0,0.0,0.0,0.0,0.0,0.0,255.0,0.0254,326.0,0.0325,30.0,0.003,10.0,0.001,0.0,0.0,0.0,0.0,414.0,0.0413,1139.0,0.1136,166.0,0.0166,31.0,0.0031,0.0,0.0,0.0,0.0,1316.0,0.1313,1540.0,0.1536,213.0,0.0212,17.0,0.0017,0.0,0.0,0.0,0.0,1780.0,0.1776,2281.0,0.2276,237.0,0.0236,14.0,0.0014,0.0,0.0,0.0,0.0,2521.0,0.2515,1021.0,0.1019,27.0,0.0027,3.0,0.0003,0.0,0.0,0.0,0.0,1069.0,0.1066,565.0,0.0564,19.0,0.0019,0.0,0.0,0.0,0.0,0.0,0.0,611.0,0.061,329.0,0.0328,11.0,0.0011,0.0,0.0,0.0,0.0,0.0,0.0,375.0,0.0374,654.0,0.0652,68.0,0.0068,3.0,0.0003,0.0,0.0,0.0,0.0,740.0,0.0738,8871.0,0.885,1089.0,0.1086,92.0,0.0092,0.0,0.0,0.0,0.0,10024.0,1.0,10024.0
Monbulk,515.0,0.0431,4.0,0.0003,0.0,0.0,0.0,0.0,0.0,0.0,524.0,0.0438,159.0,0.0133,0.0,0.0,0.0,0.0,0.0,0.0,0.0,0.0,166.0,0.0139,126.0,0.0105,0.0,0.0,0.0,0.0,0.0,0.0,0.0,0.0,126.0,0.0105,239.0,0.02,0.0,0.0,0.0,0.0,0.0,0.0,0.0,0.0,241.0,0.0202,407.0,0.0341,4.0,0.0003,0.0,0.0,0.0,0.0,0.0,0.0,413.0,0.0346,1444.0,0.1208,29.0,0.0024,7.0,0.0006,0.0,0.0,0.0,0.0,1503.0,0.1258,1684.0,0.1409,32.0,0.0027,7.0,0.0006,0.0,0.0,0.0,0.0,1732.0,0.1449,2779.0,0.2325,26.0,0.0022,11.0,0.0009,4.0,0.0003,0.0,0.0,2809.0,0.235,1616.0,0.1352,0.0,0.0,0.0,0.0,0.0,0.0,0.0,0.0,1641.0,0.1373,1170.0,0.0979,0.0,0.0,0.0,0.0,0.0,0.0,0.0,0.0,1182.0,0.0989,609.0,0.051,0.0,0.0,0.0,0.0,0.0,0.0,0.0,0.0,611.0,0.0511,668.0,0.0559,0.0,0.0,0.0,0.0,0.0,0.0,0.0,0.0,681.0,0.057,11708.0,0.9796,158.0,0.0132,31.0,0.0026,9.0,0.0008,0.0,0.0,11952.0,1.0,11952.0
Mordialloc,343.0,0.0296,76.0,0.0066,13.0,0.0011,0.0,0.0,0.0,0.0,458.0,0.0396,69.0,0.006,7.0,0.0006,0.0,0.0,0.0,0.0,0.0,0.0,123.0,0.0106,20.0,0.0017,3.0,0.0003,4.0,0.0003,0.0,0.0,0.0,0.0,49.0,0.0042,122.0,0.0105,17.0,0.0015,0.0,0.0,0.0,0.0,0.0,0.0,163.0,0.0141,184.0,0.0159,37.0,0.0032,28.0,0.0024,0.0,0.0,0.0,0.0,373.0,0.0322,615.0,0.0532,146.0,0.0126,174.0,0.015,0.0,0.0,0.0,0.0,974.0,0.0842,769.0,0.0665,285.0,0.0246,207.0,0.0179,0.0,0.0,0.0,0.0,1297.0,0.1121,1565.0,0.1353,467.0,0.0404,345.0,0.0298,0.0,0.0,0.0,0.0,2392.0,0.2068,1172.0,0.1013,282.0,0.0244,142.0,0.0123,0.0,0.0,0.0,0.0,1680.0,0.1452,1482.0,0.1281,240.0,0.0207,78.0,0.0067,0.0,0.0,0.0,0.0,1886.0,0.163,992.0,0.0857,154.0,0.0133,31.0,0.0027,0.0,0.0,0.0,0.0,1211.0,0.1047,465.0,0.0402,86.0,0.0074,69.0,0.006,0.0,0.0,0.0,0.0,678.0,0.0586,8059.0,0.6966,2090.0,0.1807,1330.0,0.115,4.0,0.0003,0.0,0.0,11569.0,1.0,11569.0
Mornington,435.0,0.047,29.0,0.0031,0.0,0.0,0.0,0.0,0.0,0.0,480.0,0.0519,75.0,0.0081,9.0,0.001,0.0,0.0,0.0,0.0,0.0,0.0,98.0,0.0106,59.0,0.0064,0.0,0.0,0.0,0.0,0.0,0.0,0.0,0.0,73.0,0.0079,129.0,0.0139,12.0,0.0013,3.0,0.0003,0.0,0.0,0.0,0.0,157.0,0.017,219.0,0.0237,13.0,0.0014,16.0,0.0017,0.0,0.0,0.0,0.0,256.0,0.0277,698.0,0.0754,37.0,0.004,28.0,0.003,0.0,0.0,0.0,0.0,754.0,0.0815,886.0,0.0958,64.0,0.0069,43.0,0.0046,0.0,0.0,0.0,0.0,1019.0,0.1101,1700.0,0.1837,73.0,0.0079,47.0,0.0051,0.0,0.0,0.0,0.0,1866.0,0.2017,1194.0,0.1291,38.0,0.0041,9.0,0.001,0.0,0.0,0.0,0.0,1253.0,0.1354,1301.0,0.1406,17.0,0.0018,0.0,0.0,0.0,0.0,0.0,0.0,1338.0,0.1446,1145.0,0.1238,11.0,0.0012,0.0,0.0,0.0,0.0,0.0,0.0,1183.0,0.1279,517.0,0.0559,7.0,0.0008,0.0,0.0,0.0,0.0,0.0,0.0,559.0,0.0604,8557.0,0.9249,441.0,0.0477,210.0,0.0227,0.0,0.0,0.0,0.0,9252.0,1.0,9252.0
Morwell,379.0,0.0402,0.0,0.0,0.0,0.0,0.0,0.0,0.0,0.0,404.0,0.0429,258.0,0.0274,5.0,0.0005,0.0,0.0,0.0,0.0,0.0,0.0,267.0,0.0283,290.0,0.0308,0.0,0.0,4.0,0.0004,0.0,0.0,0.0,0.0,317.0,0.0336,808.0,0.0857,8.0,0.0008,8.0,0.0008,0.0,0.0,0.0,0.0,843.0,0.0894,1008.0,0.1069,4.0,0.0004,7.0,0.0007,0.0,0.0,0.0,0.0,1038.0,0.1101,2229.0,0.2364,19.0,0.002,4.0,0.0004,0.0,0.0,0.0,0.0,2307.0,0.2447,1538.0,0.1631,7.0,0.0007,0.0,0.0,0.0,0.0,0.0,0.0,1552.0,0.1646,1021.0,0.1083,0.0,0.0,0.0,0.0,0.0,0.0,0.0,0.0,1033.0,0.1096,322.0,0.0342,0.0,0.0,0.0,0.0,0.0,0.0,0.0,0.0,330.0,0.035,174.0,0.0185,0.0,0.0,0.0,0.0,0.0,0.0,0.0,0.0,174.0,0.0185,118.0,0.0125,0.0,0.0,0.0,0.0,0.0,0.0,0.0,0.0,118.0,0.0125,566.0,0.06,0.0,0.0,0.0,0.0,0.0,0.0,0.0,0.0,594.0,0.063,9141.0,0.9696,132.0,0.014,78.0,0.0083,5.0,0.0005,0.0,0.0,9428.0,1.0,9428.0
Mulgrave,400.0,0.0507,22.0,0.0028,15.0,0.0019,0.0,0.0,0.0,0.0,482.0,0.0611,88.0,0.0112,3.0,0.0004,7.0,0.0009,0.0,0.0,0.0,0.0,102.0,0.0129,48.0,0.0061,3.0,0.0004,0.0,0.0,0.0,0.0,0.0,0.0,62.0,0.0079,120.0,0.0152,12.0,0.0015,6.0,0.0008,0.0,0.0,0.0,0.0,171.0,0.0217,186.0,0.0236,10.0,0.0013,24.0,0.003,0.0,0.0,0.0,0.0,257.0,0.0326,648.0,0.0822,94.0,0.0119,73.0,0.0093,0.0,0.0,0.0,0.0,903.0,0.1145,776.0,0.0984,141.0,0.0179,80.0,0.0101,0.0,0.0,0.0,0.0,1030.0,0.1306,1161.0,0.1473,283.0,0.0359,73.0,0.0093,0.0,0.0,0.0,0.0,1508.0,0.1913,745.0,0.0945,133.0,0.0169,6.0,0.0008,0.0,0.0,0.0,0.0,916.0,0.1162,815.0,0.1034,68.0,0.0086,0.0,0.0,0.0,0.0,0.0,0.0,949.0,0.1204,453.0,0.0575,17.0,0.0022,4.0,0.0005,0.0,0.0,0.0,0.0,519.0,0.0658,452.0,0.0573,35.0,0.0044,13.0,0.0016,0.0,0.0,0.0,0.0,531.0,0.0674,6364.0,0.8072,1065.0,0.1351,425.0,0.0539,0.0,0.0,0.0,0.0,7884.0,1.0,7884.0
Murray Plains,374.0,0.0494,0.0,0.0,0.0,0.0,0.0,0.0,0.0,0.0,381.0,0.0503,213.0,0.0281,0.0,0.0,0.0,0.0,0.0,0.0,0.0,0.0,213.0,0.0281,184.0,0.0243,0.0,0.0,0.0,0.0,0.0,0.0,0.0,0.0,183.0,0.0242,573.0,0.0757,10.0,0.0013,0.0,0.0,0.0,0.0,0.0,0.0,592.0,0.0782,775.0,0.1024,3.0,0.0004,0.0,0.0,0.0,0.0,0.0,0.0,807.0,0.1066,1775.0,0.2345,22.0,0.0029,0.0,0.0,0.0,0.0,0.0,0.0,1819.0,0.2403,1277.0,0.1687,7.0,0.0009,0.0,0.0,0.0,0.0,0.0,0.0,1288.0,0.1702,914.0,0.1208,6.0,0.0008,0.0,0.0,0.0,0.0,0.0,0.0,922.0,0.1218,186.0,0.0246,0.0,0.0,0.0,0.0,0.0,0.0,0.0,0.0,186.0,0.0246,107.0,0.0141,0.0,0.0,0.0,0.0,0.0,0.0,0.0,0.0,110.0,0.0145,127.0,0.0168,5.0,0.0007,0.0,0.0,0.0,0.0,0.0,0.0,130.0,0.0172,445.0,0.0588,3.0,0.0004,0.0,0.0,0.0,0.0,0.0,0.0,448.0,0.0592,7418.0,0.9801,79.0,0.0104,10.0,0.0013,11.0,0.0015,4.0,0.0005,7569.0,1.0,7569.0
Narracan,327.0,0.033,0.0,0.0,5.0,0.0005,0.0,0.0,0.0,0.0,342.0,0.0345,111.0,0.0112,2.0,0.0002,0.0,0.0,0.0,0.0,0.0,0.0,119.0,0.012,148.0,0.0149,0.0,0.0,0.0,0.0,0.0,0.0,0.0,0.0,153.0,0.0154,311.0,0.0314,3.0,0.0003,0.0,0.0,0.0,0.0,0.0,0.0,313.0,0.0316,497.0,0.0502,18.0,0.0018,8.0,0.0008,0.0,0.0,0.0,0.0,515.0,0.052,1561.0,0.1575,43.0,0.0043,21.0,0.0021,0.0,0.0,0.0,0.0,1653.0,0.1668,2150.0,0.217,3.0,0.0003,11.0,0.0011,0.0,0.0,0.0,0.0,2168.0,0.2188,2083.0,0.2102,12.0,0.0012,0.0,0.0,0.0,0.0,0.0,0.0,2114.0,0.2133,735.0,0.0742,0.0,0.0,0.0,0.0,0.0,0.0,0.0,0.0,737.0,0.0744,546.0,0.0551,0.0,0.0,0.0,0.0,0.0,0.0,0.0,0.0,548.0,0.0553,328.0,0.0331,0.0,0.0,0.0,0.0,0.0,0.0,0.0,0.0,343.0,0.0346,568.0,0.0573,6.0,0.0006,0.0,0.0,0.0,0.0,0.0,0.0,577.0,0.0582,9678.0,0.9766,124.0,0.0125,63.0,0.0064,0.0,0.0,3.0,0.0003,9910.0,1.0,9910.0
Narre Warren North,529.0,0.0474,19.0,0.0017,10.0,0.0009,0.0,0.0,0.0,0.0,561.0,0.0503,117.0,0.0105,4.0,0.0004,0.0,0.0,0.0,0.0,0.0,0.0,146.0,0.0131,132.0,0.0118,3.0,0.0003,0.0,0.0,0.0,0.0,0.0,0.0,149.0,0.0134,255.0,0.0229,11.0,0.001,3.0,0.0003,0.0,0.0,0.0,0.0,293.0,0.0263,353.0,0.0316,3.0,0.0003,8.0,0.0007,0.0,0.0,0.0,0.0,380.0,0.0341,1211.0,0.1086,91.0,0.0082,17.0,0.0015,0.0,0.0,0.0,0.0,1411.0,0.1265,1665.0,0.1492,169.0,0.0151,19.0,0.0017,0.0,0.0,0.0,0.0,1857.0,0.1665,2575.0,0.2308,184.0,0.0165,16.0,0.0014,0.0,0.0,0.0,0.0,2874.0,0.2576,1059.0,0.0949,66.0,0.0059,0.0,0.0,0.0,0.0,0.0,0.0,1149.0,0.103,717.0,0.0643,32.0,0.0029,0.0,0.0,0.0,0.0,0.0,0.0,767.0,0.0688,470.0,0.0421,5.0,0.0004,0.0,0.0,0.0,0.0,0.0,0.0,483.0,0.0433,812.0,0.0728,45.0,0.004,0.0,0.0,0.0,0.0,0.0,0.0,903.0,0.0809,10101.0,0.9054,973.0,0.0872,84.0,0.0075,0.0,0.0,0.0,0.0,11156.0,1.0,11156.0
Narre Warren South,488.0,0.0349,4.0,0.0003,0.0,0.0,0.0,0.0,0.0,0.0,506.0,0.0362,151.0,0.0108,0.0,0.0,0.0,0.0,0.0,0.0,0.0,0.0,152.0,0.0109,130.0,0.0093,0.0,0.0,0.0,0.0,0.0,0.0,0.0,0.0,119.0,0.0085,297.0,0.0212,8.0,0.0006,0.0,0.0,0.0,0.0,0.0,0.0,310.0,0.0222,410.0,0.0293,3.0,0.0002,0.0,0.0,0.0,0.0,0.0,0.0,454.0,0.0325,1722.0,0.1231,60.0,0.0043,9.0,0.0006,0.0,0.0,0.0,0.0,1784.0,0.1276,2464.0,0.1762,180.0,0.0129,16.0,0.0011,0.0,0.0,0.0,0.0,2693.0,0.1926,3799.0,0.2716,153.0,0.0109,3.0,0.0002,0.0,0.0,0.0,0.0,4027.0,0.288,1390.0,0.0994,23.0,0.0016,0.0,0.0,0.0,0.0,0.0,0.0,1431.0,0.1023,695.0,0.0497,0.0,0.0,0.0,0.0,0.0,0.0,0.0,0.0,722.0,0.0516,466.0,0.0333,0.0,0.0,0.0,0.0,0.0,0.0,0.0,0.0,480.0,0.0343,899.0,0.0643,25.0,0.0018,0.0,0.0,0.0,0.0,0.0,0.0,966.0,0.0691,13292.0,0.9504,682.0,0.0488,34.0,0.0024,0.0,0.0,0.0,0.0,13985.0,1.0,13985.0
Nepean,353.0,0.0505,19.0,0.0027,0.0,0.0,0.0,0.0,0.0,0.0,371.0,0.0531,124.0,0.0178,5.0,0.0007,0.0,0.0,0.0,0.0,0.0,0.0,128.0,0.0183,78.0,0.0112,3.0,0.0004,0.0,0.0,0.0,0.0,0.0,0.0,99.0,0.0142,134.0,0.0192,0.0,0.0,0.0,0.0,0.0,0.0,0.0,0.0,134.0,0.0192,219.0,0.0314,7.0,0.001,0.0,0.0,0.0,0.0,0.0,0.0,239.0,0.0342,723.0,0.1035,20.0,0.0029,0.0,0.0,0.0,0.0,0.0,0.0,786.0,0.1125,956.0,0.1369,24.0,0.0034,4.0,0.0006,0.0,0.0,0.0,0.0,1045.0,0.1496,1419.0,0.2031,39.0,0.0056,4.0,0.0006,0.0,0.0,0.0,0.0,1478.0,0.2116,689.0,0.0986,8.0,0.0011,6.0,0.0009,0.0,0.0,0.0,0.0,733.0,0.1049,559.0,0.08,18.0,0.0026,0.0,0.0,0.0,0.0,0.0,0.0,582.0,0.0833,459.0,0.0657,14.0,0.002,0.0,0.0,0.0,0.0,0.0,0.0,480.0,0.0687,426.0,0.061,10.0,0.0014,0.0,0.0,0.0,0.0,0.0,0.0,455.0,0.0651,6597.0,0.9445,293.0,0.0419,35.0,0.005,4.0,0.0006,0.0,0.0,6985.0,1.0,6985.0
Niddrie,336.0,0.0391,49.0,0.0057,0.0,0.0,0.0,0.0,0.0,0.0,467.0,0.0543,64.0,0.0074,8.0,0.0009,0.0,0.0,0.0,0.0,0.0,0.0,114.0,0.0133,41.0,0.0048,13.0,0.0015,0.0,0.0,0.0,0.0,0.0,0.0,66.0,0.0077,100.0,0.0116,20.0,0.0023,0.0,0.0,0.0,0.0,0.0,0.0,148.0,0.0172,147.0,0.0171,22.0,0.0026,0.0,0.0,0.0,0.0,0.0,0.0,176.0,0.0205,567.0,0.066,125.0,0.0145,23.0,0.0027,0.0,0.0,0.0,0.0,782.0,0.091,681.0,0.0792,224.0,0.0261,28.0,0.0033,0.0,0.0,0.0,0.0,983.0,0.1143,1198.0,0.1394,382.0,0.0444,41.0,0.0048,0.0,0.0,0.0,0.0,1623.0,0.1888,820.0,0.0954,253.0,0.0294,3.0,0.0003,0.0,0.0,0.0,0.0,1079.0,0.1255,928.0,0.1079,184.0,0.0214,10.0,0.0012,0.0,0.0,0.0,0.0,1196.0,0.1391,733.0,0.0853,129.0,0.015,3.0,0.0003,0.0,0.0,0.0,0.0,938.0,0.1091,448.0,0.0521,99.0,0.0115,6.0,0.0007,0.0,0.0,0.0,0.0,595.0,0.0692,6507.0,0.7569,1855.0,0.2158,175.0,0.0204,0.0,0.0,0.0,0.0,8597.0,1.0,8597.0
Northcote,305.0,0.0362,43.0,0.0051,32.0,0.0038,0.0,0.0,0.0,0.0,507.0,0.0601,46.0,0.0055,12.0,0.0014,7.0,0.0008,0.0,0.0,0.0,0.0,86.0,0.0102,10.0,0.0012,12.0,0.0014,7.0,0.0008,0.0,0.0,0.0,0.0,40.0,0.0047,20.0,0.0024,11.0,0.0013,13.0,0.0015,0.0,0.0,0.0,0.0,84.0,0.01,80.0,0.0095,29.0,0.0034,40.0,0.0047,0.0,0.0,0.0,0.0,200.0,0.0237,284.0,0.0337,106.0,0.0126,274.0,0.0325,0.0,0.0,0.0,0.0,810.0,0.0961,374.0,0.0444,136.0,0.0161,370.0,0.0439,0.0,0.0,0.0,0.0,927.0,0.11,692.0,0.0821,322.0,0.0382,385.0,0.0457,0.0,0.0,0.0,0.0,1489.0,0.1767,480.0,0.0569,282.0,0.0335,118.0,0.014,0.0,0.0,0.0,0.0,952.0,0.1129,795.0,0.0943,314.0,0.0373,73.0,0.0087,0.0,0.0,0.0,0.0,1271.0,0.1508,1110.0,0.1317,232.0,0.0275,29.0,0.0034,0.0,0.0,0.0,0.0,1453.0,0.1724,252.0,0.0299,56.0,0.0066,29.0,0.0034,0.0,0.0,0.0,0.0,460.0,0.0546,4759.0,0.5646,1981.0,0.235,1711.0,0.203,14.0,0.0017,0.0,0.0,8429.0,1.0,8429.0
Oakleigh,320.0,0.0327,46.0,0.0047,39.0,0.004,0.0,0.0,0.0,0.0,526.0,0.0537,23.0,0.0023,6.0,0.0006,3.0,0.0003,0.0,0.0,0.0,0.0,41.0,0.0042,33.0,0.0034,10.0,0.001,5.0,0.0005,0.0,0.0,0.0,0.0,83.0,0.0085,67.0,0.0068,18.0,0.0018,13.0,0.0013,0.0,0.0,0.0,0.0,150.0,0.0153,84.0,0.0086,27.0,0.0028,50.0,0.0051,0.0,0.0,0.0,0.0,217.0,0.0221,356.0,0.0363,148.0,0.0151,340.0,0.0347,0.0,0.0,0.0,0.0,938.0,0.0957,436.0,0.0445,169.0,0.0172,449.0,0.0458,0.0,0.0,0.0,0.0,1109.0,0.1132,805.0,0.0821,487.0,0.0497,500.0,0.051,6.0,0.0006,0.0,0.0,1855.0,0.1893,620.0,0.0633,364.0,0.0371,138.0,0.0141,0.0,0.0,0.0,0.0,1190.0,0.1214,929.0,0.0948,323.0,0.033,104.0,0.0106,0.0,0.0,0.0,0.0,1466.0,0.1496,830.0,0.0847,184.0,0.0188,16.0,0.0016,0.0,0.0,0.0,0.0,1176.0,0.12,340.0,0.0347,67.0,0.0068,63.0,0.0064,0.0,0.0,0.0,0.0,552.0,0.0563,5407.0,0.5517,2370.0,0.2418,1972.0,0.2012,0.0,0.0,0.0,0.0,9800.0,1.0,9800.0
Ovens Valley,325.0,0.0428,0.0,0.0,0.0,0.0,0.0,0.0,0.0,0.0,343.0,0.0451,143.0,0.0188,0.0,0.0,0.0,0.0,0.0,0.0,0.0,0.0,156.0,0.0205,169.0,0.0222,0.0,0.0,0.0,0.0,0.0,0.0,0.0,0.0,181.0,0.0238,411.0,0.0541,5.0,0.0007,0.0,0.0,0.0,0.0,0.0,0.0,431.0,0.0567,608.0,0.08,13.0,0.0017,4.0,0.0005,0.0,0.0,0.0,0.0,668.0,0.0879,1685.0,0.2218,29.0,0.0038,0.0,0.0,0.0,0.0,0.0,0.0,1754.0,0.2309,1455.0,0.1915,4.0,0.0005,0.0,0.0,0.0,0.0,0.0,0.0,1466.0,0.193,1064.0,0.1401,0.0,0.0,0.0,0.0,0.0,0.0,0.0,0.0,1087.0,0.1431,288.0,0.0379,0.0,0.0,0.0,0.0,0.0,0.0,0.0,0.0,303.0,0.0399,226.0,0.0297,0.0,0.0,0.0,0.0,0.0,0.0,0.0,0.0,228.0,0.03,165.0,0.0217,0.0,0.0,0.0,0.0,0.0,0.0,0.0,0.0,177.0,0.0233,441.0,0.058,0.0,0.0,0.0,0.0,0.0,0.0,0.0,0.0,460.0,0.0606,7361.0,0.9689,118.0,0.0155,11.0,0.0014,9.0,0.0012,3.0,0.0004,7597.0,1.0,7597.0
Pakenham,290.0,0.0229,3.0,0.0002,0.0,0.0,0.0,0.0,0.0,0.0,304.0,0.024,74.0,0.0058,17.0,0.0013,0.0,0.0,0.0,0.0,0.0,0.0,99.0,0.0078,78.0,0.0062,6.0,0.0005,0.0,0.0,0.0,0.0,0.0,0.0,99.0,0.0078,167.0,0.0132,0.0,0.0,0.0,0.0,0.0,0.0,0.0,0.0,183.0,0.0145,318.0,0.0251,13.0,0.001,0.0,0.0,0.0,0.0,0.0,0.0,333.0,0.0263,1451.0,0.1146,110.0,0.0087,0.0,0.0,0.0,0.0,0.0,0.0,1622.0,0.1282,2645.0,0.209,150.0,0.0119,3.0,0.0002,0.0,0.0,0.0,0.0,2835.0,0.224,3890.0,0.3074,74.0,0.0058,0.0,0.0,0.0,0.0,0.0,0.0,3965.0,0.3133,1265.0,0.1,6.0,0.0005,0.0,0.0,0.0,0.0,0.0,0.0,1274.0,0.1007,650.0,0.0514,0.0,0.0,0.0,0.0,0.0,0.0,0.0,0.0,670.0,0.0529,371.0,0.0293,0.0,0.0,0.0,0.0,0.0,0.0,0.0,0.0,376.0,0.0297,664.0,0.0525,13.0,0.001,0.0,0.0,0.0,0.0,0.0,0.0,689.0,0.0544,12044.0,0.9516,578.0,0.0457,11.0,0.0009,0.0,0.0,0.0,0.0,12656.0,1.0,12656.0
Pascoe Vale,272.0,0.0304,65.0,0.0073,13.0,0.0015,0.0,0.0,0.0,0.0,388.0,0.0433,50.0,0.0056,4.0,0.0004,4.0,0.0004,0.0,0.0,0.0,0.0,74.0,0.0083,23.0,0.0026,3.0,0.0003,5.0,0.0006,0.0,0.0,0.0,0.0,35.0,0.0039,78.0,0.0087,34.0,0.0038,7.0,0.0008,0.0,0.0,0.0,0.0,158.0,0.0176,133.0,0.0148,21.0,0.0023,23.0,0.0026,0.0,0.0,0.0,0.0,220.0,0.0246,450.0,0.0502,164.0,0.0183,127.0,0.0142,0.0,0.0,0.0,0.0,844.0,0.0942,516.0,0.0576,309.0,0.0345,222.0,0.0248,0.0,0.0,0.0,0.0,1097.0,0.1224,1027.0,0.1146,654.0,0.073,142.0,0.0158,4.0,0.0004,0.0,0.0,1898.0,0.2119,782.0,0.0873,318.0,0.0355,14.0,0.0016,0.0,0.0,0.0,0.0,1220.0,0.1362,1086.0,0.1212,214.0,0.0239,17.0,0.0019,0.0,0.0,0.0,0.0,1351.0,0.1508,676.0,0.0755,81.0,0.009,4.0,0.0004,0.0,0.0,0.0,0.0,787.0,0.0878,330.0,0.0368,99.0,0.0111,22.0,0.0025,0.0,0.0,0.0,0.0,549.0,0.0613,5720.0,0.6385,2379.0,0.2655,801.0,0.0894,7.0,0.0008,3.0,0.0003,8959.0,1.0,8959.0
Point Cook,483.0,0.0357,19.0,0.0014,0.0,0.0,0.0,0.0,0.0,0.0,509.0,0.0376,58.0,0.0043,8.0,0.0006,3.0,0.0002,0.0,0.0,0.0,0.0,86.0,0.0064,55.0,0.0041,0.0,0.0,0.0,0.0,0.0,0.0,0.0,0.0,83.0,0.0061,174.0,0.0129,3.0,0.0002,0.0,0.0,0.0,0.0,0.0,0.0,188.0,0.0139,231.0,0.0171,11.0,0.0008,3.0,0.0002,0.0,0.0,0.0,0.0,298.0,0.022,1001.0,0.074,89.0,0.0066,36.0,0.0027,0.0,0.0,0.0,0.0,1189.0,0.0879,1630.0,0.1204,167.0,0.0123,64.0,0.0047,0.0,0.0,0.0,0.0,1932.0,0.1428,3558.0,0.2629,244.0,0.018,26.0,0.0019,0.0,0.0,0.0,0.0,3912.0,0.289,1890.0,0.1396,91.0,0.0067,3.0,0.0002,0.0,0.0,0.0,0.0,2004.0,0.1481,1207.0,0.0892,34.0,0.0025,4.0,0.0003,0.0,0.0,0.0,0.0,1284.0,0.0949,621.0,0.0459,22.0,0.0016,0.0,0.0,0.0,0.0,0.0,0.0,678.0,0.0501,836.0,0.0618,15.0,0.0011,9.0,0.0007,0.0,0.0,0.0,0.0,880.0,0.065,12246.0,0.9048,1091.0,0.0806,242.0,0.0179,0.0,0.0,0.0,0.0,13534.0,1.0,13534.0
Polwarth,424.0,0.0473,9.0,0.001,0.0,0.0,0.0,0.0,0.0,0.0,434.0,0.0484,185.0,0.0206,4.0,0.0004,0.0,0.0,0.0,0.0,0.0,0.0,198.0,0.0221,148.0,0.0165,0.0,0.0,0.0,0.0,0.0,0.0,0.0,0.0,158.0,0.0176,338.0,0.0377,6.0,0.0007,0.0,0.0,0.0,0.0,0.0,0.0,356.0,0.0397,536.0,0.0597,7.0,0.0008,0.0,0.0,0.0,0.0,0.0,0.0,562.0,0.0626,1348.0,0.1502,4.0,0.0004,0.0,0.0,0.0,0.0,0.0,0.0,1389.0,0.1548,1296.0,0.1444,6.0,0.0007,0.0,0.0,0.0,0.0,0.0,0.0,1330.0,0.1482,1446.0,0.1612,28.0,0.0031,0.0,0.0,0.0,0.0,0.0,0.0,1486.0,0.1656,841.0,0.0937,12.0,0.0013,0.0,0.0,0.0,0.0,0.0,0.0,871.0,0.0971,699.0,0.0779,14.0,0.0016,0.0,0.0,0.0,0.0,0.0,0.0,733.0,0.0817,506.0,0.0564,3.0,0.0003,0.0,0.0,0.0,0.0,0.0,0.0,522.0,0.0582,573.0,0.0639,0.0,0.0,0.0,0.0,0.0,0.0,0.0,0.0,590.0,0.0658,8726.0,0.9726,191.0,0.0213,8.0,0.0009,3.0,0.0003,7.0,0.0008,8972.0,1.0,8972.0
Prahran,41.0,0.0052,35.0,0.0045,209.0,0.0267,0.0,0.0,0.0,0.0,370.0,0.0472,7.0,0.0009,0.0,0.0,23.0,0.0029,0.0,0.0,0.0,0.0,40.0,0.0051,0.0,0.0,0.0,0.0,19.0,0.0024,0.0,0.0,0.0,0.0,36.0,0.0046,3.0,0.0004,0.0,0.0,55.0,0.007,0.0,0.0,0.0,0.0,77.0,0.0098,0.0,0.0,0.0,0.0,135.0,0.0172,0.0,0.0,0.0,0.0,154.0,0.0196,22.0,0.0028,24.0,0.0031,739.0,0.0942,9.0,0.0011,0.0,0.0,872.0,0.1112,18.0,0.0023,57.0,0.0073,1079.0,0.1376,0.0,0.0,0.0,0.0,1177.0,0.1501,50.0,0.0064,104.0,0.0133,1377.0,0.1756,0.0,0.0,0.0,0.0,1605.0,0.2047,33.0,0.0042,68.0,0.0087,545.0,0.0695,0.0,0.0,0.0,0.0,700.0,0.0893,137.0,0.0175,197.0,0.0251,487.0,0.0621,0.0,0.0,0.0,0.0,863.0,0.11,328.0,0.0418,459.0,0.0585,405.0,0.0516,0.0,0.0,0.0,0.0,1251.0,0.1595,24.0,0.0031,74.0,0.0094,293.0,0.0374,0.0,0.0,0.0,0.0,452.0,0.0576,852.0,0.1086,1258.0,0.1604,5711.0,0.7283,28.0,0.0036,0.0,0.0,7842.0,1.0,7842.0
Preston,216.0,0.0257,50.0,0.006,6.0,0.0007,0.0,0.0,0.0,0.0,345.0,0.0411,57.0,0.0068,7.0,0.0008,3.0,0.0004,0.0,0.0,0.0,0.0,87.0,0.0104,31.0,0.0037,0.0,0.0,3.0,0.0004,0.0,0.0,0.0,0.0,57.0,0.0068,112.0,0.0133,26.0,0.0031,4.0,0.0005,0.0,0.0,0.0,0.0,180.0,0.0214,117.0,0.0139,56.0,0.0067,17.0,0.002,0.0,0.0,0.0,0.0,279.0,0.0332,498.0,0.0593,272.0,0.0324,80.0,0.0095,0.0,0.0,0.0,0.0,923.0,0.1099,583.0,0.0694,429.0,0.0511,99.0,0.0118,0.0,0.0,0.0,0.0,1218.0,0.1451,1030.0,0.1227,735.0,0.0875,95.0,0.0113,4.0,0.0005,0.0,0.0,1867.0,0.2223,773.0,0.0921,283.0,0.0337,6.0,0.0007,0.0,0.0,0.0,0.0,1108.0,0.132,805.0,0.0959,110.0,0.0131,6.0,0.0007,0.0,0.0,0.0,0.0,1025.0,0.1221,422.0,0.0503,41.0,0.0049,0.0,0.0,0.0,0.0,0.0,0.0,519.0,0.0618,388.0,0.0462,95.0,0.0113,8.0,0.001,0.0,0.0,0.0,0.0,535.0,0.0637,5457.0,0.6499,2534.0,0.3018,458.0,0.0545,24.0,0.0029,0.0,0.0,8397.0,1.0,8397.0
Richmond,51.0,0.0067,105.0,0.0139,76.0,0.01,0.0,0.0,0.0,0.0,306.0,0.0404,8.0,0.0011,7.0,0.0009,7.0,0.0009,0.0,0.0,0.0,0.0,22.0,0.0029,3.0,0.0004,0.0,0.0,15.0,0.002,0.0,0.0,0.0,0.0,24.0,0.0032,4.0,0.0005,8.0,0.0011,41.0,0.0054,0.0,0.0,0.0,0.0,84.0,0.0111,11.0,0.0015,30.0,0.004,54.0,0.0071,0.0,0.0,0.0,0.0,123.0,0.0163,47.0,0.0062,163.0,0.0215,422.0,0.0558,3.0,0.0004,0.0,0.0,690.0,0.0912,43.0,0.0057,137.0,0.0181,604.0,0.0798,5.0,0.0007,0.0,0.0,894.0,0.1181,103.0,0.0136,303.0,0.04,868.0,0.1147,14.0,0.0019,0.0,0.0,1379.0,0.1822,91.0,0.012,252.0,0.0333,448.0,0.0592,11.0,0.0015,0.0,0.0,884.0,0.1168,147.0,0.0194,580.0,0.0766,390.0,0.0515,6.0,0.0008,0.0,0.0,1187.0,0.1569,387.0,0.0511,717.0,0.0948,239.0,0.0316,5.0,0.0007,0.0,0.0,1396.0,0.1845,22.0,0.0029,131.0,0.0173,128.0,0.0169,0.0,0.0,0.0,0.0,367.0,0.0485,1169.0,0.1545,2789.0,0.3686,3609.0,0.4769,52.0,0.0069,1.0,0.0001,7567.0,1.0,7567.0
Ringwood,434.0,0.04,33.0,0.003,5.0,0.0005,0.0,0.0,0.0,0.0,569.0,0.0524,74.0,0.0068,7.0,0.0006,0.0,0.0,0.0,0.0,0.0,0.0,102.0,0.0094,64.0,0.0059,8.0,0.0007,0.0,0.0,0.0,0.0,0.0,0.0,97.0,0.0089,134.0,0.0123,22.0,0.002,4.0,0.0004,0.0,0.0,0.0,0.0,174.0,0.016,211.0,0.0194,23.0,0.0021,21.0,0.0019,0.0,0.0,0.0,0.0,266.0,0.0245,687.0,0.0633,148.0,0.0136,97.0,0.0089,0.0,0.0,0.0,0.0,971.0,0.0895,968.0,0.0892,191.0,0.0176,122.0,0.0112,0.0,0.0,0.0,0.0,1375.0,0.1267,1731.0,0.1595,309.0,0.0285,99.0,0.0091,0.0,0.0,0.0,0.0,2207.0,0.2033,1179.0,0.1086,263.0,0.0242,18.0,0.0017,0.0,0.0,0.0,0.0,1504.0,0.1386,1435.0,0.1322,181.0,0.0167,17.0,0.0016,0.0,0.0,0.0,0.0,1630.0,0.1502,886.0,0.0816,55.0,0.0051,7.0,0.0006,0.0,0.0,0.0,0.0,975.0,0.0898,464.0,0.0427,69.0,0.0064,21.0,0.0019,0.0,0.0,0.0,0.0,604.0,0.0556,8671.0,0.7988,1619.0,0.1491,483.0,0.0445,0.0,0.0,0.0,0.0,10855.0,1.0,10855.0
Ripon,477.0,0.051,6.0,0.0006,0.0,0.0,0.0,0.0,0.0,0.0,505.0,0.054,331.0,0.0354,0.0,0.0,0.0,0.0,0.0,0.0,0.0,0.0,353.0,0.0378,275.0,0.0294,0.0,0.0,0.0,0.0,0.0,0.0,0.0,0.0,281.0,0.0301,709.0,0.0759,0.0,0.0,0.0,0.0,0.0,0.0,0.0,0.0,717.0,0.0767,889.0,0.0951,0.0,0.0,0.0,0.0,0.0,0.0,0.0,0.0,910.0,0.0974,1929.0,0.2064,0.0,0.0,0.0,0.0,0.0,0.0,0.0,0.0,1953.0,0.209,1592.0,0.1704,0.0,0.0,0.0,0.0,0.0,0.0,0.0,0.0,1614.0,0.1727,1300.0,0.1391,0.0,0.0,0.0,0.0,0.0,0.0,0.0,0.0,1314.0,0.1406,400.0,0.0428,0.0,0.0,0.0,0.0,0.0,0.0,0.0,0.0,403.0,0.0431,253.0,0.0271,0.0,0.0,0.0,0.0,0.0,0.0,0.0,0.0,257.0,0.0275,115.0,0.0123,0.0,0.0,0.0,0.0,0.0,0.0,0.0,0.0,115.0,0.0123,541.0,0.0579,0.0,0.0,0.0,0.0,0.0,0.0,0.0,0.0,544.0,0.0582,9233.0,0.988,37.0,0.004,9.0,0.001,17.0,0.0018,4.0,0.0004,9345.0,1.0,9345.0
Rowville,465.0,0.0452,6.0,0.0006,4.0,0.0004,0.0,0.0,0.0,0.0,489.0,0.0475,101.0,0.0098,19.0,0.0018,0.0,0.0,0.0,0.0,0.0,0.0,137.0,0.0133,65.0,0.0063,0.0,0.0,0.0,0.0,0.0,0.0,0.0,0.0,75.0,0.0073,194.0,0.0188,0.0,0.0,0.0,0.0,0.0,0.0,0.0,0.0,209.0,0.0203,275.0,0.0267,7.0,0.0007,0.0,0.0,0.0,0.0,0.0,0.0,291.0,0.0283,896.0,0.087,43.0,0.0042,33.0,0.0032,0.0,0.0,0.0,0.0,1004.0,0.0975,1022.0,0.0993,87.0,0.0084,26.0,0.0025,0.0,0.0,0.0,0.0,1146.0,0.1113,1921.0,0.1866,126.0,0.0122,11.0,0.0011,0.0,0.0,0.0,0.0,2083.0,0.2023,1379.0,0.1339,73.0,0.0071,0.0,0.0,0.0,0.0,0.0,0.0,1485.0,0.1442,1459.0,0.1417,53.0,0.0051,0.0,0.0,0.0,0.0,0.0,0.0,1505.0,0.1462,761.0,0.0739,13.0,0.0013,0.0,0.0,0.0,0.0,0.0,0.0,794.0,0.0771,615.0,0.0597,21.0,0.002,3.0,0.0003,0.0,0.0,0.0,0.0,650.0,0.0631,9527.0,0.9252,601.0,0.0584,105.0,0.0102,0.0,0.0,0.0,0.0,10297.0,1.0,10297.0
Sandringham,299.0,0.0348,54.0,0.0063,24.0,0.0028,0.0,0.0,0.0,0.0,450.0,0.0523,23.0,0.0027,7.0,0.0008,9.0,0.001,0.0,0.0,0.0,0.0,59.0,0.0069,42.0,0.0049,4.0,0.0005,4.0,0.0005,0.0,0.0,0.0,0.0,66.0,0.0077,32.0,0.0037,32.0,0.0037,11.0,0.0013,0.0,0.0,0.0,0.0,120.0,0.0139,82.0,0.0095,22.0,0.0026,9.0,0.001,0.0,0.0,0.0,0.0,155.0,0.018,261.0,0.0303,127.0,0.0148,155.0,0.018,0.0,0.0,0.0,0.0,630.0,0.0732,276.0,0.0321,149.0,0.0173,226.0,0.0263,5.0,0.0006,0.0,0.0,724.0,0.0842,649.0,0.0754,314.0,0.0365,318.0,0.037,0.0,0.0,0.0,0.0,1306.0,0.1518,438.0,0.0509,245.0,0.0285,92.0,0.0107,4.0,0.0005,0.0,0.0,915.0,0.1064,951.0,0.1105,318.0,0.037,66.0,0.0077,0.0,0.0,0.0,0.0,1353.0,0.1573,1738.0,0.202,255.0,0.0296,50.0,0.0058,1.0,0.0001,0.0,0.0,2055.0,0.2389,362.0,0.0421,81.0,0.0094,33.0,0.0038,0.0,0.0,0.0,0.0,520.0,0.0604,5447.0,0.6332,1943.0,0.2259,1178.0,0.1369,28.0,0.0033,3.0,0.0003,8603.0,1.0,8603.0
Shepparton,295.0,0.0326,0.0,0.0,0.0,0.0,0.0,0.0,0.0,0.0,325.0,0.0359,211.0,0.0233,0.0,0.0,0.0,0.0,0.0,0.0,0.0,0.0,216.0,0.0239,215.0,0.0238,3.0,0.0003,0.0,0.0,3.0,0.0003,0.0,0.0,236.0,0.0261,500.0,0.0552,15.0,0.0017,0.0,0.0,0.0,0.0,0.0,0.0,540.0,0.0597,849.0,0.0938,7.0,0.0008,0.0,0.0,0.0,0.0,0.0,0.0,857.0,0.0947,2306.0,0.2548,30.0,0.0033,0.0,0.0,0.0,0.0,0.0,0.0,2355.0,0.2602,1677.0,0.1853,8.0,0.0009,0.0,0.0,0.0,0.0,0.0,0.0,1687.0,0.1864,1182.0,0.1306,3.0,0.0003,0.0,0.0,0.0,0.0,0.0,0.0,1200.0,0.1326,269.0,0.0297,0.0,0.0,0.0,0.0,0.0,0.0,0.0,0.0,267.0,0.0295,177.0,0.0196,0.0,0.0,0.0,0.0,0.0,0.0,0.0,0.0,180.0,0.0199,175.0,0.0193,0.0,0.0,0.0,0.0,0.0,0.0,0.0,0.0,175.0,0.0193,517.0,0.0571,0.0,0.0,0.0,0.0,0.0,0.0,0.0,0.0,537.0,0.0593,8790.0,0.9713,152.0,0.0168,5.0,0.0006,11.0,0.0012,3.0,0.0003,9050.0,1.0,9050.0
South Barwon,328.0,0.0305,0.0,0.0,0.0,0.0,0.0,0.0,0.0,0.0,343.0,0.0319,94.0,0.0087,5.0,0.0005,0.0,0.0,0.0,0.0,0.0,0.0,109.0,0.0101,66.0,0.0061,0.0,0.0,0.0,0.0,0.0,0.0,0.0,0.0,74.0,0.0069,201.0,0.0187,0.0,0.0,0.0,0.0,0.0,0.0,0.0,0.0,211.0,0.0196,309.0,0.0287,14.0,0.0013,0.0,0.0,0.0,0.0,0.0,0.0,350.0,0.0325,1398.0,0.1299,98.0,0.0091,8.0,0.0007,0.0,0.0,0.0,0.0,1497.0,0.1391,2116.0,0.1967,94.0,0.0087,0.0,0.0,0.0,0.0,0.0,0.0,2243.0,0.2085,2921.0,0.2715,47.0,0.0044,0.0,0.0,0.0,0.0,0.0,0.0,2992.0,0.2781,1014.0,0.0942,8.0,0.0007,0.0,0.0,0.0,0.0,0.0,0.0,1026.0,0.0954,663.0,0.0616,3.0,0.0003,0.0,0.0,0.0,0.0,0.0,0.0,691.0,0.0642,366.0,0.034,0.0,0.0,0.0,0.0,0.0,0.0,0.0,0.0,363.0,0.0337,466.0,0.0433,7.0,0.0007,0.0,0.0,0.0,0.0,0.0,0.0,510.0,0.0474,10248.0,0.9525,419.0,0.0389,15.0,0.0014,0.0,0.0,4.0,0.0004,10759.0,1.0,10759.0
South-West Coast,402.0,0.0455,5.0,0.0006,0.0,0.0,0.0,0.0,0.0,0.0,421.0,0.0477,146.0,0.0165,3.0,0.0003,0.0,0.0,0.0,0.0,0.0,0.0,181.0,0.0205,170.0,0.0192,7.0,0.0008,0.0,0.0,0.0,0.0,0.0,0.0,178.0,0.0201,515.0,0.0583,5.0,0.0006,0.0,0.0,0.0,0.0,0.0,0.0,559.0,0.0633,730.0,0.0826,21.0,0.0024,8.0,0.0009,3.0,0.0003,0.0,0.0,773.0,0.0875,1992.0,0.2255,41.0,0.0046,19.0,0.0022,7.0,0.0008,0.0,0.0,2076.0,0.235,1705.0,0.193,9.0,0.001,3.0,0.0003,0.0,0.0,0.0,0.0,1769.0,0.2002,1190.0,0.1347,4.0,0.0005,0.0,0.0,0.0,0.0,0.0,0.0,1233.0,0.1396,354.0,0.0401,0.0,0.0,0.0,0.0,0.0,0.0,0.0,0.0,363.0,0.0411,221.0,0.025,0.0,0.0,0.0,0.0,0.0,0.0,0.0,0.0,228.0,0.0258,182.0,0.0206,0.0,0.0,0.0,0.0,0.0,0.0,0.0,0.0,182.0,0.0206,474.0,0.0537,9.0,0.001,4.0,0.0005,0.0,0.0,0.0,0.0,497.0,0.0563,8468.0,0.9586,232.0,0.0263,56.0,0.0063,21.0,0.0024,0.0,0.0,8834.0,1.0,8834.0
St Albans,378.0,0.0532,21.0,0.003,4.0,0.0006,0.0,0.0,0.0,0.0,497.0,0.0699,97.0,0.0136,6.0,0.0008,0.0,0.0,0.0,0.0,0.0,0.0,107.0,0.0151,79.0,0.0111,4.0,0.0006,0.0,0.0,0.0,0.0,0.0,0.0,89.0,0.0125,140.0,0.0197,6.0,0.0008,0.0,0.0,0.0,0.0,0.0,0.0,183.0,0.0257,181.0,0.0255,18.0,0.0025,13.0,0.0018,0.0,0.0,0.0,0.0,244.0,0.0343,834.0,0.1173,161.0,0.0226,65.0,0.0091,0.0,0.0,0.0,0.0,1146.0,0.1612,956.0,0.1345,194.0,0.0273,40.0,0.0056,0.0,0.0,0.0,0.0,1215.0,0.1709,1344.0,0.1891,189.0,0.0266,19.0,0.0027,0.0,0.0,0.0,0.0,1572.0,0.2211,471.0,0.0663,32.0,0.0045,0.0,0.0,0.0,0.0,0.0,0.0,529.0,0.0744,286.0,0.0402,27.0,0.0038,0.0,0.0,0.0,0.0,0.0,0.0,372.0,0.0523,125.0,0.0176,8.0,0.0011,0.0,0.0,0.0,0.0,0.0,0.0,144.0,0.0203,483.0,0.0679,20.0,0.0028,8.0,0.0011,0.0,0.0,0.0,0.0,514.0,0.0723,5855.0,0.8236,1028.0,0.1446,244.0,0.0343,0.0,0.0,0.0,0.0,7109.0,1.0,7109.0
Sunbury,390.0,0.0381,19.0,0.0019,4.0,0.0004,0.0,0.0,0.0,0.0,431.0,0.0421,115.0,0.0112,8.0,0.0008,0.0,0.0,0.0,0.0,0.0,0.0,128.0,0.0125,71.0,0.0069,3.0,0.0003,0.0,0.0,0.0,0.0,0.0,0.0,79.0,0.0077,216.0,0.0211,15.0,0.0015,3.0,0.0003,0.0,0.0,0.0,0.0,250.0,0.0244,367.0,0.0358,11.0,0.0011,10.0,0.001,0.0,0.0,0.0,0.0,421.0,0.0411,1216.0,0.1187,82.0,0.008,32.0,0.0031,0.0,0.0,0.0,0.0,1348.0,0.1316,1820.0,0.1776,145.0,0.0142,37.0,0.0036,0.0,0.0,0.0,0.0,2004.0,0.1956,2569.0,0.2507,105.0,0.0102,22.0,0.0021,0.0,0.0,0.0,0.0,2745.0,0.2679,1014.0,0.099,24.0,0.0023,0.0,0.0,0.0,0.0,0.0,0.0,1033.0,0.1008,561.0,0.0548,8.0,0.0008,4.0,0.0004,0.0,0.0,0.0,0.0,584.0,0.057,329.0,0.0321,12.0,0.0012,0.0,0.0,0.0,0.0,0.0,0.0,357.0,0.0348,579.0,0.0565,24.0,0.0023,17.0,0.0017,0.0,0.0,0.0,0.0,638.0,0.0623,9508.0,0.928,567.0,0.0553,190.0,0.0185,0.0,0.0,0.0,0.0,10246.0,1.0,10246.0
Sydenham,452.0,0.0381,19.0,0.0016,0.0,0.0,0.0,0.0,0.0,0.0,500.0,0.0421,101.0,0.0085,15.0,0.0013,0.0,0.0,0.0,0.0,0.0,0.0,133.0,0.0112,89.0,0.0075,8.0,0.0007,4.0,0.0003,0.0,0.0,0.0,0.0,114.0,0.0096,211.0,0.0178,28.0,0.0024,0.0,0.0,0.0,0.0,0.0,0.0,248.0,0.0209,326.0,0.0275,28.0,0.0024,3.0,0.0003,0.0,0.0,0.0,0.0,397.0,0.0334,1151.0,0.0969,201.0,0.0169,16.0,0.0013,0.0,0.0,0.0,0.0,1404.0,0.1183,1536.0,0.1294,280.0,0.0236,22.0,0.0019,0.0,0.0,0.0,0.0,1878.0,0.1582,2769.0,0.2332,246.0,0.0207,4.0,0.0003,0.0,0.0,4.0,0.0003,3064.0,0.2581,1254.0,0.1056,31.0,0.0026,0.0,0.0,0.0,0.0,0.0,0.0,1326.0,0.1117,878.0,0.0739,16.0,0.0013,0.0,0.0,0.0,0.0,0.0,0.0,923.0,0.0777,523.0,0.044,17.0,0.0014,0.0,0.0,0.0,0.0,0.0,0.0,562.0,0.0473,909.0,0.0766,43.0,0.0036,5.0,0.0004,0.0,0.0,0.0,0.0,972.0,0.0819,10588.0,0.8918,1183.0,0.0996,63.0,0.0053,0.0,0.0,3.0,0.0003,11873.0,1.0,11873.0
Tarneit,356.0,0.0263,19.0,0.0014,3.0,0.0002,0.0,0.0,0.0,0.0,387.0,0.0286,75.0,0.0055,3.0,0.0002,3.0,0.0002,0.0,0.0,0.0,0.0,94.0,0.0069,55.0,0.0041,0.0,0.0,6.0,0.0004,0.0,0.0,0.0,0.0,58.0,0.0043,158.0,0.0117,14.0,0.001,5.0,0.0004,0.0,0.0,0.0,0.0,199.0,0.0147,283.0,0.0209,20.0,0.0015,0.0,0.0,0.0,0.0,0.0,0.0,346.0,0.0255,1386.0,0.1023,121.0,0.0089,24.0,0.0018,0.0,0.0,0.0,0.0,1538.0,0.1136,2471.0,0.1824,211.0,0.0156,27.0,0.002,0.0,0.0,0.0,0.0,2797.0,0.2065,4127.0,0.3047,178.0,0.0131,9.0,0.0007,0.0,0.0,0.0,0.0,4380.0,0.3234,1188.0,0.0877,25.0,0.0018,0.0,0.0,0.0,0.0,0.0,0.0,1264.0,0.0933,577.0,0.0426,27.0,0.002,0.0,0.0,0.0,0.0,0.0,0.0,637.0,0.047,340.0,0.0251,10.0,0.0007,0.0,0.0,0.0,0.0,0.0,0.0,381.0,0.0281,910.0,0.0672,34.0,0.0025,0.0,0.0,0.0,0.0,0.0,0.0,962.0,0.071,12301.0,0.9082,976.0,0.0721,171.0,0.0126,0.0,0.0,3.0,0.0002,13544.0,1.0,13544.0
Thomastown,318.0,0.032,3.0,0.0003,0.0,0.0,0.0,0.0,0.0,0.0,384.0,0.0387,67.0,0.0067,4.0,0.0004,0.0,0.0,0.0,0.0,0.0,0.0,84.0,0.0085,52.0,0.0052,0.0,0.0,0.0,0.0,0.0,0.0,0.0,0.0,74.0,0.0074,104.0,0.0105,3.0,0.0003,3.0,0.0003,0.0,0.0,0.0,0.0,144.0,0.0145,232.0,0.0234,3.0,0.0003,14.0,0.0014,0.0,0.0,0.0,0.0,260.0,0.0262,935.0,0.0941,70.0,0.007,25.0,0.0025,0.0,0.0,0.0,0.0,1065.0,0.1072,1602.0,0.1612,169.0,0.017,50.0,0.005,0.0,0.0,0.0,0.0,1835.0,0.1847,2851.0,0.287,126.0,0.0127,25.0,0.0025,0.0,0.0,0.0,0.0,3064.0,0.3084,991.0,0.0997,23.0,0.0023,0.0,0.0,0.0,0.0,0.0,0.0,1015.0,0.1022,545.0,0.0549,7.0,0.0007,0.0,0.0,0.0,0.0,0.0,0.0,572.0,0.0576,303.0,0.0305,1.0,0.0001,0.0,0.0,0.0,0.0,0.0,0.0,331.0,0.0333,670.0,0.0674,18.0,0.0018,3.0,0.0003,0.0,0.0,0.0,0.0,711.0,0.0716,9033.0,0.9092,661.0,0.0665,210.0,0.0211,0.0,0.0,0.0,0.0,9935.0,1.0,9935.0
Warrandyte,444.0,0.0452,55.0,0.0056,10.0,0.001,0.0,0.0,0.0,0.0,531.0,0.054,82.0,0.0083,8.0,0.0008,0.0,0.0,0.0,0.0,0.0,0.0,98.0,0.01,95.0,0.0097,0.0,0.0,0.0,0.0,0.0,0.0,0.0,0.0,99.0,0.0101,153.0,0.0156,0.0,0.0,5.0,0.0005,0.0,0.0,0.0,0.0,165.0,0.0168,174.0,0.0177,4.0,0.0004,11.0,0.0011,0.0,0.0,0.0,0.0,194.0,0.0197,710.0,0.0723,41.0,0.0042,56.0,0.0057,0.0,0.0,0.0,0.0,846.0,0.0861,713.0,0.0726,54.0,0.0055,79.0,0.008,0.0,0.0,0.0,0.0,885.0,0.0901,1457.0,0.1483,124.0,0.0126,89.0,0.0091,0.0,0.0,0.0,0.0,1744.0,0.1775,1071.0,0.109,102.0,0.0104,42.0,0.0043,0.0,0.0,0.0,0.0,1260.0,0.1282,1371.0,0.1395,116.0,0.0118,21.0,0.0021,0.0,0.0,0.0,0.0,1530.0,0.1557,1425.0,0.145,93.0,0.0095,15.0,0.0015,0.0,0.0,0.0,0.0,1551.0,0.1578,561.0,0.0571,30.0,0.0031,23.0,0.0023,0.0,0.0,0.0,0.0,668.0,0.068,8611.0,0.8763,810.0,0.0824,405.0,0.0412,0.0,0.0,0.0,0.0,9826.0,1.0,9826.0
Wendouree,282.0,0.034,5.0,0.0006,3.0,0.0004,0.0,0.0,0.0,0.0,326.0,0.0393,145.0,0.0175,9.0,0.0011,0.0,0.0,0.0,0.0,0.0,0.0,185.0,0.0223,107.0,0.0129,16.0,0.0019,0.0,0.0,0.0,0.0,0.0,0.0,141.0,0.017,370.0,0.0447,37.0,0.0045,3.0,0.0004,0.0,0.0,0.0,0.0,441.0,0.0532,614.0,0.0741,49.0,0.0059,5.0,0.0006,0.0,0.0,0.0,0.0,692.0,0.0835,1815.0,0.219,142.0,0.0171,12.0,0.0014,0.0,0.0,0.0,0.0,2023.0,0.2441,1709.0,0.2063,51.0,0.0062,0.0,0.0,0.0,0.0,0.0,0.0,1828.0,0.2206,1234.0,0.1489,28.0,0.0034,0.0,0.0,0.0,0.0,0.0,0.0,1285.0,0.1551,347.0,0.0419,3.0,0.0004,0.0,0.0,0.0,0.0,0.0,0.0,375.0,0.0453,269.0,0.0325,10.0,0.0012,0.0,0.0,0.0,0.0,0.0,0.0,287.0,0.0346,161.0,0.0194,3.0,0.0004,0.0,0.0,0.0,0.0,0.0,0.0,168.0,0.0203,299.0,0.0361,3.0,0.0004,0.0,0.0,0.0,0.0,0.0,0.0,349.0,0.0421,7609.0,0.9183,554.0,0.0669,58.0,0.007,3.0,0.0004,5.0,0.0006,8286.0,1.0,8286.0
Werribee,382.0,0.0303,5.0,0.0004,0.0,0.0,0.0,0.0,0.0,0.0,391.0,0.031,94.0,0.0075,0.0,0.0,0.0,0.0,0.0,0.0,0.0,0.0,117.0,0.0093,83.0,0.0066,5.0,0.0004,0.0,0.0,0.0,0.0,0.0,0.0,97.0,0.0077,283.0,0.0225,3.0,0.0002,0.0,0.0,0.0,0.0,0.0,0.0,303.0,0.0241,366.0,0.0291,15.0,0.0012,3.0,0.0002,0.0,0.0,0.0,0.0,407.0,0.0323,1544.0,0.1226,138.0,0.011,20.0,0.0016,0.0,0.0,0.0,0.0,1725.0,0.137,2620.0,0.208,137.0,0.0109,7.0,0.0006,0.0,0.0,0.0,0.0,2834.0,0.225,3561.0,0.2827,85.0,0.0067,0.0,0.0,0.0,0.0,0.0,0.0,3699.0,0.2937,980.0,0.0778,5.0,0.0004,0.0,0.0,0.0,0.0,0.0,0.0,1021.0,0.0811,484.0,0.0384,10.0,0.0008,4.0,0.0003,0.0,0.0,0.0,0.0,509.0,0.0404,243.0,0.0193,0.0,0.0,0.0,0.0,0.0,0.0,0.0,0.0,249.0,0.0198,678.0,0.0538,16.0,0.0013,0.0,0.0,0.0,0.0,0.0,0.0,711.0,0.0565,11819.0,0.9384,668.0,0.053,50.0,0.004,0.0,0.0,3.0,0.0002,12595.0,1.0,12595.0
Williamstown,229.0,0.0262,64.0,0.0073,3.0,0.0003,0.0,0.0,0.0,0.0,346.0,0.0395,31.0,0.0035,6.0,0.0007,3.0,0.0003,0.0,0.0,0.0,0.0,43.0,0.0049,30.0,0.0034,6.0,0.0007,4.0,0.0005,0.0,0.0,0.0,0.0,47.0,0.0054,62.0,0.0071,18.0,0.0021,0.0,0.0,0.0,0.0,0.0,0.0,121.0,0.0138,98.0,0.0112,28.0,0.0032,6.0,0.0007,0.0,0.0,0.0,0.0,139.0,0.0159,385.0,0.044,107.0,0.0122,32.0,0.0037,0.0,0.0,0.0,0.0,653.0,0.0746,476.0,0.0544,259.0,0.0296,84.0,0.0096,0.0,0.0,0.0,0.0,850.0,0.0971,889.0,0.1015,545.0,0.0623,81.0,0.0093,0.0,0.0,0.0,0.0,1570.0,0.1793,765.0,0.0874,373.0,0.0426,32.0,0.0037,0.0,0.0,0.0,0.0,1275.0,0.1456,1003.0,0.1146,454.0,0.0519,15.0,0.0017,0.0,0.0,0.0,0.0,1509.0,0.1724,974.0,0.1113,277.0,0.0316,15.0,0.0017,0.0,0.0,0.0,0.0,1301.0,0.1486,339.0,0.0387,90.0,0.0103,11.0,0.0013,0.0,0.0,0.0,0.0,509.0,0.0581,5693.0,0.6503,2585.0,0.2953,424.0,0.0484,0.0,0.0,0.0,0.0,8755.0,1.0,8755.0
Yan Yean,312.0,0.0244,4.0,0.0003,0.0,0.0,0.0,0.0,0.0,0.0,328.0,0.0256,72.0,0.0056,6.0,0.0005,0.0,0.0,0.0,0.0,0.0,0.0,81.0,0.0063,82.0,0.0064,0.0,0.0,0.0,0.0,0.0,0.0,0.0,0.0,89.0,0.007,150.0,0.0117,0.0,0.0,0.0,0.0,0.0,0.0,0.0,0.0,186.0,0.0145,292.0,0.0228,0.0,0.0,0.0,0.0,0.0,0.0,0.0,0.0,303.0,0.0237,1201.0,0.0938,44.0,0.0034,10.0,0.0008,0.0,0.0,0.0,0.0,1291.0,0.1008,2171.0,0.1696,119.0,0.0093,4.0,0.0003,0.0,0.0,0.0,0.0,2306.0,0.1801,3770.0,0.2945,103.0,0.008,0.0,0.0,0.0,0.0,0.0,0.0,3909.0,0.3053,1534.0,0.1198,25.0,0.002,0.0,0.0,0.0,0.0,0.0,0.0,1573.0,0.1229,932.0,0.0728,15.0,0.0012,0.0,0.0,0.0,0.0,0.0,0.0,974.0,0.0761,585.0,0.0457,0.0,0.0,0.0,0.0,0.0,0.0,0.0,0.0,587.0,0.0458,736.0,0.0575,10.0,0.0008,0.0,0.0,0.0,0.0,0.0,0.0,772.0,0.0603,12238.0,0.9559,449.0,0.0351,25.0,0.002,0.0,0.0,0.0,0.0,12803.0,1.0,12803.0
